evidence_id,result_origin,result_scope,clean_or_oracle,official_claim_allowed,benchmark_relative_claim_allowed,notes
AutoResearch_v1_offline_full_profile_0000_00000,clean_evaluation,primary_completed_result,clean,False,True,Main offline reader-profile result.
AutoResearch_v1_offline_full_profile_0000_00001,clean_evaluation,primary_completed_result,clean,False,True,DFM exposure versus sensitivity/residual gaze ablation.
AutoResearch_v1_offline_full_profile_0001_00002,clean_evaluation,primary_completed_result,clean,False,True,DFM exposure versus sensitivity/residual gaze ablation.
AutoResearch_v1_offline_full_profile_0002_00003,clean_evaluation,primary_completed_result,clean,False,True,DFM exposure versus sensitivity/residual gaze ablation.
AutoResearch_v1_offline_full_profile_0003_00004,clean_evaluation,primary_completed_result,clean,False,True,DFM exposure versus sensitivity/residual gaze ablation.
Phase4_bootstrap_auc_ci_00005,clean_evaluation,primary_completed_result,clean,False,True,Bootstrap ROC-AUC CI; fallback values preserved from phase summary if columns differ.
Phase4_permutation_p_value_00006,clean_evaluation,primary_completed_result,clean,False,True,Permutation p-value for final offline D3.
BenchmarkBridge_v1_unseen_reader_00007,clean_evaluation,secondary_completed_result,clean,False,True,BenchmarkBridge internal EyeBench-style split.
BenchmarkBridge_v1_unseen_text_00008,clean_evaluation,secondary_completed_result,clean,False,True,BenchmarkBridge internal EyeBench-style split.
BenchmarkBridge_v1_unseen_reader_and_text_00009,clean_evaluation,secondary_completed_result,clean,False,True,BenchmarkBridge internal EyeBench-style split.
BenchmarkBridge_v1_benchmark_bridge_full_data_0011_00010,clean_evaluation,secondary_completed_result,clean,False,True,Detailed BenchmarkBridge generated metrics with PR-AUC/Brier where available.
BenchmarkBridge_v1_benchmark_bridge_full_data_0031_00011,clean_evaluation,secondary_completed_result,clean,False,True,Detailed BenchmarkBridge generated metrics with PR-AUC/Brier where available.
BenchmarkBridge_v1_benchmark_bridge_full_data_0051_00012,clean_evaluation,secondary_completed_result,clean,False,True,Detailed BenchmarkBridge generated metrics with PR-AUC/Brier where available.
BenchmarkBridge_v1_benchmark_bridge_full_data_0071_00013,clean_evaluation,secondary_completed_result,clean,False,True,Detailed BenchmarkBridge generated metrics with PR-AUC/Brier where available.
BenchmarkBridge_v1_benchmark_bridge_full_data_0091_00014,clean_evaluation,secondary_completed_result,clean,False,True,Detailed BenchmarkBridge generated metrics with PR-AUC/Brier where available.
BenchmarkBridge_v1_benchmark_bridge_full_data_0111_00015,clean_evaluation,secondary_completed_result,clean,False,True,Detailed BenchmarkBridge generated metrics with PR-AUC/Brier where available.
OfficialAlignment_v1_0_unseen_reader_00016,clean_evaluation,secondary_completed_result,clean,False,True,official_attempt_failed
OfficialAlignment_v1_0_unseen_text_00017,clean_evaluation,secondary_completed_result,clean,False,True,official_attempt_failed
OfficialAlignment_v1_0_unseen_reader_and_text_00018,clean_evaluation,secondary_completed_result,clean,False,True,official_attempt_failed
OfficialAlignment_v1_1_unseen_reader_00019,clean_evaluation,secondary_completed_result,clean,False,True,EyeBench-fold-aligned_full-feature_non-official
OfficialAlignment_v1_1_unseen_text_00020,clean_evaluation,secondary_completed_result,clean,False,True,EyeBench-fold-aligned_full-feature_non-official
OfficialAlignment_v1_1_unseen_reader_and_text_00021,clean_evaluation,secondary_completed_result,clean,False,True,EyeBench-fold-aligned_full-feature_non-official
OfficialAlignment_v1_2_unseen_reader_00022,clean_evaluation,secondary_completed_result,clean,False,True,internal_EyeBench-style_benchmark-relative
OfficialAlignment_v1_2_unseen_text_00023,clean_evaluation,secondary_completed_result,clean,False,True,internal_EyeBench-style_benchmark-relative
OfficialAlignment_v1_2_unseen_reader_and_text_00024,clean_evaluation,secondary_completed_result,clean,False,True,internal_EyeBench-style_benchmark-relative
OfficialAlignment_v1_3_unseen_reader_00025,clean_evaluation,secondary_completed_result,clean,False,False,official_reported_reference
OfficialAlignment_v1_3_unseen_text_00026,clean_evaluation,secondary_completed_result,clean,False,False,official_reported_reference
OfficialAlignment_v1_3_unseen_reader_and_text_00027,clean_evaluation,secondary_completed_result,clean,False,False,official_reported_reference
OfficialAlignment_v1_4_unseen_reader_00028,clean_evaluation,secondary_completed_result,clean,False,False,official_reported_reference
OfficialAlignment_v1_4_unseen_text_00029,clean_evaluation,secondary_completed_result,clean,False,False,official_reported_reference
OfficialAlignment_v1_4_unseen_reader_and_text_00030,clean_evaluation,secondary_completed_result,clean,False,False,official_reported_reference
OfficialAlignment_v1_5_unseen_reader_00031,clean_evaluation,secondary_completed_result,clean,False,False,official_reported_reference
OfficialAlignment_v1_5_unseen_text_00032,clean_evaluation,secondary_completed_result,clean,False,False,official_reported_reference
OfficialAlignment_v1_5_unseen_reader_and_text_00033,clean_evaluation,secondary_completed_result,clean,False,False,official_reported_reference
OfficialAlignment_v1_6_unseen_reader_00034,clean_evaluation,secondary_completed_result,clean,False,False,official_reported_reference
OfficialAlignment_v1_6_unseen_text_00035,clean_evaluation,secondary_completed_result,clean,False,False,official_reported_reference
OfficialAlignment_v1_6_unseen_reader_and_text_00036,clean_evaluation,secondary_completed_result,clean,False,False,official_reported_reference
OfficialAlignment_v1_7_unseen_reader_00037,clean_evaluation,secondary_completed_result,clean,False,False,official_reported_reference
OfficialAlignment_v1_7_unseen_text_00038,clean_evaluation,secondary_completed_result,clean,False,False,official_reported_reference
OfficialAlignment_v1_7_unseen_reader_and_text_00039,clean_evaluation,secondary_completed_result,clean,False,False,official_reported_reference
OfficialAlignment_v1_8_unseen_reader_00040,clean_evaluation,secondary_completed_result,clean,False,False,official_reported_reference
OfficialAlignment_v1_8_unseen_text_00041,clean_evaluation,secondary_completed_result,clean,False,False,official_reported_reference
OfficialAlignment_v1_8_unseen_reader_and_text_00042,clean_evaluation,secondary_completed_result,clean,False,False,official_reported_reference
OfficialAlignment_v1_9_unseen_reader_00043,clean_evaluation,secondary_completed_result,clean,False,False,official_reported_reference
OfficialAlignment_v1_9_unseen_text_00044,clean_evaluation,secondary_completed_result,clean,False,False,official_reported_reference
OfficialAlignment_v1_9_unseen_reader_and_text_00045,clean_evaluation,secondary_completed_result,clean,False,False,official_reported_reference
OfficialAlignment_v1_10_unseen_reader_00046,clean_evaluation,secondary_completed_result,clean,False,False,official_reported_reference
OfficialAlignment_v1_10_unseen_text_00047,clean_evaluation,secondary_completed_result,clean,False,False,official_reported_reference
OfficialAlignment_v1_10_unseen_reader_and_text_00048,clean_evaluation,secondary_completed_result,clean,False,False,official_reported_reference
OfficialAlignment_v1_11_unseen_reader_00049,clean_evaluation,secondary_completed_result,clean,False,False,official_reported_reference
OfficialAlignment_v1_11_unseen_text_00050,clean_evaluation,secondary_completed_result,clean,False,False,official_reported_reference
OfficialAlignment_v1_11_unseen_reader_and_text_00051,clean_evaluation,secondary_completed_result,clean,False,False,official_reported_reference
OfficialAlignment_v1_12_unseen_reader_00052,clean_evaluation,secondary_completed_result,clean,False,False,official_reported_reference
OfficialAlignment_v1_12_unseen_text_00053,clean_evaluation,secondary_completed_result,clean,False,False,official_reported_reference
OfficialAlignment_v1_12_unseen_reader_and_text_00054,clean_evaluation,secondary_completed_result,clean,False,False,official_reported_reference
OfficialAlignment_v1_13_unseen_reader_00055,clean_evaluation,secondary_completed_result,clean,False,False,official_reported_reference
OfficialAlignment_v1_13_unseen_text_00056,clean_evaluation,secondary_completed_result,clean,False,False,official_reported_reference
OfficialAlignment_v1_13_unseen_reader_and_text_00057,clean_evaluation,secondary_completed_result,clean,False,False,official_reported_reference
OfficialAlignment_v1_14_unseen_reader_00058,clean_evaluation,secondary_completed_result,clean,False,False,official_reported_reference
OfficialAlignment_v1_14_unseen_text_00059,clean_evaluation,secondary_completed_result,clean,False,False,official_reported_reference
OfficialAlignment_v1_14_unseen_reader_and_text_00060,clean_evaluation,secondary_completed_result,clean,False,False,official_reported_reference
OfficialAlignment_v1_15_unseen_reader_00061,clean_evaluation,secondary_completed_result,clean,False,False,official_reported_reference
OfficialAlignment_v1_15_unseen_text_00062,clean_evaluation,secondary_completed_result,clean,False,False,official_reported_reference
OfficialAlignment_v1_15_unseen_reader_and_text_00063,clean_evaluation,secondary_completed_result,clean,False,False,official_reported_reference
OfficialAlignment_v1_16_unseen_reader_00064,clean_evaluation,secondary_completed_result,clean,False,False,official_reported_reference
OfficialAlignment_v1_16_unseen_text_00065,clean_evaluation,secondary_completed_result,clean,False,False,official_reported_reference
OfficialAlignment_v1_16_unseen_reader_and_text_00066,clean_evaluation,secondary_completed_result,clean,False,False,official_reported_reference
OfficialAlignment_v1_17_unseen_reader_00067,clean_evaluation,secondary_completed_result,clean,False,False,official_reported_reference
OfficialAlignment_v1_17_unseen_text_00068,clean_evaluation,secondary_completed_result,clean,False,False,official_reported_reference
OfficialAlignment_v1_17_unseen_reader_and_text_00069,clean_evaluation,secondary_completed_result,clean,False,False,official_reported_reference
OfficialEyeBenchSOTACheck_v1_blocked_00070,blocked_or_skipped,blocked_result,blocked,False,False,Official SOTA check did not provide a clean official D3 SOTA claim.
D3_EyeBench_own_method_score_max_v2_official_compatible_lite_0000_00071,clean_evaluation,secondary_completed_result,clean,False,True,D3_Lite official-compatible stress test; no locked-test improvement over anchor.
D3_EyeBench_own_method_score_max_v2_official_compatible_lite_0001_00072,clean_evaluation,secondary_completed_result,clean,False,True,D3_Lite official-compatible stress test; no locked-test improvement over anchor.
D3_EyeBench_own_method_score_max_v2_official_compatible_lite_0002_00073,clean_evaluation,secondary_completed_result,clean,False,True,D3_Lite official-compatible stress test; no locked-test improvement over anchor.
D3_EyeBench_own_method_score_max_v2_official_compatible_lite_0006_00074,clean_evaluation,secondary_completed_result,clean,False,True,D3_Lite official-compatible stress test; no locked-test improvement over anchor.
D3_EyeBench_own_method_score_max_v2_official_compatible_lite_0007_00075,clean_evaluation,secondary_completed_result,clean,False,True,D3_Lite official-compatible stress test; no locked-test improvement over anchor.
D3_EyeBench_own_method_score_max_v2_official_compatible_lite_0008_00076,clean_evaluation,secondary_completed_result,clean,False,True,D3_Lite official-compatible stress test; no locked-test improvement over anchor.
OperatingPointAdaptation_v1_operating_point_diagnostic_0001_00077,clean_evaluation,secondary_completed_result,clean,False,True,Fixed 0.5 probability operating-point audit.
OperatingPointAdaptation_v1_operating_point_diagnostic_0002_00078,clean_evaluation,secondary_completed_result,clean,False,True,Fixed 0.5 probability operating-point audit.
OperatingPointAdaptation_v1_operating_point_diagnostic_0003_00079,clean_evaluation,secondary_completed_result,clean,False,True,Fixed 0.5 probability operating-point audit.
OperatingPointAdaptation_v1_operating_point_diagnostic_0004_00080,clean_evaluation,secondary_completed_result,clean,False,True,Fixed 0.5 probability operating-point audit.
OperatingPointAdaptation_v1_operating_point_diagnostic_0005_00081,clean_evaluation,secondary_completed_result,clean,False,True,Fixed 0.5 probability operating-point audit.
OperatingPointAdaptation_v1_operating_point_diagnostic_0006_00082,clean_evaluation,secondary_completed_result,clean,False,True,Fixed 0.5 probability operating-point audit.
OperatingPointAdaptation_v1_operating_point_diagnostic_0007_00083,clean_evaluation,secondary_completed_result,clean,False,True,Fixed 0.5 probability operating-point audit.
OperatingPointAdaptation_v1_operating_point_diagnostic_0008_00084,clean_evaluation,secondary_completed_result,clean,False,True,Fixed 0.5 probability operating-point audit.
OperatingPointAdaptation_v1_operating_point_diagnostic_0009_00085,clean_evaluation,secondary_completed_result,clean,False,True,Fixed 0.5 probability operating-point audit.
OperatingPointAdaptation_v1_operating_point_diagnostic_0010_00086,clean_evaluation,secondary_completed_result,clean,False,True,Fixed 0.5 probability operating-point audit.
OperatingPointAdaptation_v1_operating_point_diagnostic_0011_00087,clean_evaluation,secondary_completed_result,clean,False,True,Fixed 0.5 probability operating-point audit.
OperatingPointAdaptation_v1_operating_point_diagnostic_0012_00088,clean_evaluation,secondary_completed_result,clean,False,True,Fixed 0.5 probability operating-point audit.
OperatingPointAdaptation_v1_oracle_diagnostic_0000_00089,oracle_diagnostic,diagnostic_completed_result,oracle,False,False,Test-label oracle diagnostic threshold; not clean benchmark evidence.
OperatingPointAdaptation_v1_oracle_diagnostic_0001_00090,oracle_diagnostic,diagnostic_completed_result,oracle,False,False,Test-label oracle diagnostic threshold; not clean benchmark evidence.
OperatingPointAdaptation_v1_oracle_diagnostic_0002_00091,oracle_diagnostic,diagnostic_completed_result,oracle,False,False,Test-label oracle diagnostic threshold; not clean benchmark evidence.
OperatingPointAdaptation_v1_oracle_diagnostic_0003_00092,oracle_diagnostic,diagnostic_completed_result,oracle,False,False,Test-label oracle diagnostic threshold; not clean benchmark evidence.
OperatingPointAdaptation_v1_oracle_diagnostic_0004_00093,oracle_diagnostic,diagnostic_completed_result,oracle,False,False,Test-label oracle diagnostic threshold; not clean benchmark evidence.
OperatingPointAdaptation_v1_oracle_diagnostic_0005_00094,oracle_diagnostic,diagnostic_completed_result,oracle,False,False,Test-label oracle diagnostic threshold; not clean benchmark evidence.
OperatingPointAdaptation_v1_oracle_diagnostic_0006_00095,oracle_diagnostic,diagnostic_completed_result,oracle,False,False,Test-label oracle diagnostic threshold; not clean benchmark evidence.
OperatingPointAdaptation_v1_oracle_diagnostic_0007_00096,oracle_diagnostic,diagnostic_completed_result,oracle,False,False,Test-label oracle diagnostic threshold; not clean benchmark evidence.
OperatingPointAdaptation_v1_oracle_diagnostic_0008_00097,oracle_diagnostic,diagnostic_completed_result,oracle,False,False,Test-label oracle diagnostic threshold; not clean benchmark evidence.
OperatingPointAdaptation_v1_oracle_diagnostic_0009_00098,oracle_diagnostic,diagnostic_completed_result,oracle,False,False,Test-label oracle diagnostic threshold; not clean benchmark evidence.
OperatingPointAdaptation_v1_oracle_diagnostic_0010_00099,oracle_diagnostic,diagnostic_completed_result,oracle,False,False,Test-label oracle diagnostic threshold; not clean benchmark evidence.
OperatingPointAdaptation_v1_oracle_diagnostic_0011_00100,oracle_diagnostic,diagnostic_completed_result,oracle,False,False,Test-label oracle diagnostic threshold; not clean benchmark evidence.
OperatingPointAdaptation_v1_oracle_diagnostic_0012_00101,oracle_diagnostic,diagnostic_completed_result,oracle,False,False,Test-label oracle diagnostic threshold; not clean benchmark evidence.
OperatingPointAdaptation_v1_oracle_diagnostic_0013_00102,oracle_diagnostic,diagnostic_completed_result,oracle,False,False,Test-label oracle diagnostic threshold; not clean benchmark evidence.
OperatingPointAdaptation_v1_oracle_diagnostic_0014_00103,oracle_diagnostic,diagnostic_completed_result,oracle,False,False,Test-label oracle diagnostic threshold; not clean benchmark evidence.
OperatingPointAdaptation_v1_oracle_diagnostic_0015_00104,oracle_diagnostic,diagnostic_completed_result,oracle,False,False,Test-label oracle diagnostic threshold; not clean benchmark evidence.
OperatingPointAdaptation_v1_oracle_diagnostic_0016_00105,oracle_diagnostic,diagnostic_completed_result,oracle,False,False,Test-label oracle diagnostic threshold; not clean benchmark evidence.
OperatingPointAdaptation_v1_oracle_diagnostic_0017_00106,oracle_diagnostic,diagnostic_completed_result,oracle,False,False,Test-label oracle diagnostic threshold; not clean benchmark evidence.
OperatingPointAdaptation_v1_oracle_diagnostic_0018_00107,oracle_diagnostic,diagnostic_completed_result,oracle,False,False,Test-label oracle diagnostic threshold; not clean benchmark evidence.
OperatingPointAdaptation_v1_oracle_diagnostic_0019_00108,oracle_diagnostic,diagnostic_completed_result,oracle,False,False,Test-label oracle diagnostic threshold; not clean benchmark evidence.
OperatingPointAdaptation_v1_oracle_diagnostic_0020_00109,oracle_diagnostic,diagnostic_completed_result,oracle,False,False,Test-label oracle diagnostic threshold; not clean benchmark evidence.
OperatingPointAdaptation_v1_oracle_diagnostic_0021_00110,oracle_diagnostic,diagnostic_completed_result,oracle,False,False,Test-label oracle diagnostic threshold; not clean benchmark evidence.
OperatingPointAdaptation_v1_oracle_diagnostic_0022_00111,oracle_diagnostic,diagnostic_completed_result,oracle,False,False,Test-label oracle diagnostic threshold; not clean benchmark evidence.
OperatingPointAdaptation_v1_oracle_diagnostic_0023_00112,oracle_diagnostic,diagnostic_completed_result,oracle,False,False,Test-label oracle diagnostic threshold; not clean benchmark evidence.
OperatingPointAdaptation_v1_oracle_diagnostic_0024_00113,oracle_diagnostic,diagnostic_completed_result,oracle,False,False,Test-label oracle diagnostic threshold; not clean benchmark evidence.
OperatingPointAdaptation_v1_oracle_diagnostic_0025_00114,oracle_diagnostic,diagnostic_completed_result,oracle,False,False,Test-label oracle diagnostic threshold; not clean benchmark evidence.
OperatingPointAdaptation_v1_oracle_diagnostic_0026_00115,oracle_diagnostic,diagnostic_completed_result,oracle,False,False,Test-label oracle diagnostic threshold; not clean benchmark evidence.
OperatingPointAdaptation_v1_oracle_diagnostic_0027_00116,oracle_diagnostic,diagnostic_completed_result,oracle,False,False,Test-label oracle diagnostic threshold; not clean benchmark evidence.
OperatingPointAdaptation_v1_oracle_diagnostic_0028_00117,oracle_diagnostic,diagnostic_completed_result,oracle,False,False,Test-label oracle diagnostic threshold; not clean benchmark evidence.
OperatingPointAdaptation_v1_oracle_diagnostic_0029_00118,oracle_diagnostic,diagnostic_completed_result,oracle,False,False,Test-label oracle diagnostic threshold; not clean benchmark evidence.
OperatingPointAdaptation_v1_oracle_diagnostic_0030_00119,oracle_diagnostic,diagnostic_completed_result,oracle,False,False,Test-label oracle diagnostic threshold; not clean benchmark evidence.
OperatingPointAdaptation_v1_oracle_diagnostic_0031_00120,oracle_diagnostic,diagnostic_completed_result,oracle,False,False,Test-label oracle diagnostic threshold; not clean benchmark evidence.
OperatingPointAdaptation_v1_oracle_diagnostic_0032_00121,oracle_diagnostic,diagnostic_completed_result,oracle,False,False,Test-label oracle diagnostic threshold; not clean benchmark evidence.
OperatingPointAdaptation_v1_oracle_diagnostic_0033_00122,oracle_diagnostic,diagnostic_completed_result,oracle,False,False,Test-label oracle diagnostic threshold; not clean benchmark evidence.
OperatingPointAdaptation_v1_oracle_diagnostic_0034_00123,oracle_diagnostic,diagnostic_completed_result,oracle,False,False,Test-label oracle diagnostic threshold; not clean benchmark evidence.
OperatingPointAdaptation_v1_oracle_diagnostic_0035_00124,oracle_diagnostic,diagnostic_completed_result,oracle,False,False,Test-label oracle diagnostic threshold; not clean benchmark evidence.
OperatingPointAdaptation_v1_oracle_diagnostic_0036_00125,oracle_diagnostic,diagnostic_completed_result,oracle,False,False,Test-label oracle diagnostic threshold; not clean benchmark evidence.
OperatingPointAdaptation_v1_oracle_diagnostic_0037_00126,oracle_diagnostic,diagnostic_completed_result,oracle,False,False,Test-label oracle diagnostic threshold; not clean benchmark evidence.
OperatingPointAdaptation_v1_oracle_diagnostic_0038_00127,oracle_diagnostic,diagnostic_completed_result,oracle,False,False,Test-label oracle diagnostic threshold; not clean benchmark evidence.
OperatingPointAdaptation_v1_oracle_diagnostic_0039_00128,oracle_diagnostic,diagnostic_completed_result,oracle,False,False,Test-label oracle diagnostic threshold; not clean benchmark evidence.
OperatingPointAdaptation_v1_oracle_diagnostic_0040_00129,oracle_diagnostic,diagnostic_completed_result,oracle,False,False,Test-label oracle diagnostic threshold; not clean benchmark evidence.
OperatingPointAdaptation_v1_oracle_diagnostic_0041_00130,oracle_diagnostic,diagnostic_completed_result,oracle,False,False,Test-label oracle diagnostic threshold; not clean benchmark evidence.
D3OnlineTargetedOptimization_v1_online_accumulator_0000_00131,clean_evaluation,deprecated_or_fast_run,clean,False,True,Best v1 clean candidate; selected no_stop and is offline-like.
D3OnlineTargetedOptimization_v1_online_accumulator_0001_00132,clean_evaluation,deprecated_or_fast_run,clean,False,True,Best v1 clean candidate; selected no_stop and is offline-like.
D3OnlineTargetedOptimization_v1_online_accumulator_0002_00133,clean_evaluation,deprecated_or_fast_run,clean,False,True,Best v1 clean candidate; selected no_stop and is offline-like.
D3OnlineTargetedOptimization_v1_online_accumulator_0003_00134,clean_evaluation,deprecated_or_fast_run,clean,False,True,Best v1 clean candidate; selected no_stop and is offline-like.
D3OnlineTargetedOptimization_v1_online_accumulator_0004_00135,clean_evaluation,deprecated_or_fast_run,clean,False,True,Best v1 clean candidate; selected no_stop and is offline-like.
D3OnlineTargetedOptimization_v2_0000_00136,clean_evaluation,primary_completed_result,clean,False,True,Strict v2 final separated model row.
D3OnlineTargetedOptimization_v2_0001_00137,clean_evaluation,primary_completed_result,clean,False,True,Strict v2 final separated model row.
D3OnlineTargetedOptimization_v2_0002_00138,clean_evaluation,primary_completed_result,clean,False,True,Strict v2 final separated model row.
D3OnlineTargetedOptimization_v2_0003_00139,clean_evaluation,secondary_completed_result,clean,False,True,Strict v2 final separated model row.
D3OnlineTargetedOptimization_v2_0004_00140,clean_evaluation,secondary_completed_result,clean,False,True,Strict v2 final separated model row.
D3OnlineTargetedOptimization_v2_0005_00141,clean_evaluation,secondary_completed_result,clean,False,True,Strict v2 final separated model row.
D3OnlineTargetedOptimization_v2_0006_00142,clean_evaluation,secondary_completed_result,clean,False,True,Strict v2 final separated model row.
D3OnlineTargetedOptimization_v2_0007_00143,clean_evaluation,secondary_completed_result,clean,False,True,Strict v2 final separated model row.
D3OnlineTargetedOptimization_v2_0008_00144,clean_evaluation,secondary_completed_result,clean,False,True,Strict v2 final separated model row.
D3OnlineTargetedOptimization_v2_0009_00145,clean_evaluation,secondary_completed_result,clean,False,True,Strict v2 final separated model row.
D3OnlineTargetedOptimization_v2_0010_00146,clean_evaluation,secondary_completed_result,clean,False,True,Strict v2 final separated model row.
D3OnlineTargetedOptimization_v2_0011_00147,clean_evaluation,secondary_completed_result,clean,False,True,Strict v2 final separated model row.
D3OnlineTargetedOptimization_v2_0012_00148,clean_evaluation,secondary_completed_result,clean,False,True,Strict v2 final separated model row.
D3OnlineTargetedOptimization_v2_0013_00149,clean_evaluation,secondary_completed_result,clean,False,True,Strict v2 final separated model row.
D3OnlineTargetedOptimization_v2_0014_00150,clean_evaluation,secondary_completed_result,clean,False,True,Strict v2 final separated model row.
D3OnlineTargetedOptimization_v2_0015_00151,clean_evaluation,secondary_completed_result,clean,False,True,Strict v2 final separated model row.
D3OnlineTargetedOptimization_v2_0016_00152,clean_evaluation,secondary_completed_result,clean,False,True,Strict v2 final separated model row.
D3OnlineTargetedOptimization_v2_0017_00153,clean_evaluation,secondary_completed_result,clean,False,True,Strict v2 final separated model row.
D3OnlineTargetedOptimization_v2_0018_00154,clean_evaluation,diagnostic_completed_result,clean,False,True,Strict v2 final separated model row.
D3OnlineTargetedOptimization_v2_0019_00155,clean_evaluation,diagnostic_completed_result,clean,False,True,Strict v2 final separated model row.
D3OnlineTargetedOptimization_v2_0020_00156,clean_evaluation,diagnostic_completed_result,clean,False,True,Strict v2 final separated model row.
D3OnlineTargetedOptimization_v2_0021_00157,clean_evaluation,diagnostic_completed_result,clean,False,True,Strict v2 final separated model row.
D3OnlineTargetedOptimization_v2_0022_00158,clean_evaluation,diagnostic_completed_result,clean,False,True,Strict v2 final separated model row.
D3OnlineTargetedOptimization_v2_0023_00159,clean_evaluation,diagnostic_completed_result,clean,False,True,Strict v2 final separated model row.
D3_EyeBench_own_method_score_max_v2_official_compatible_lite_00000,clean_evaluation,secondary_completed_result,clean,False,True,Reader-aggregated D3_Lite secondary metric rows.
D3_EyeBench_own_method_score_max_v2_official_compatible_lite_00001,clean_evaluation,secondary_completed_result,clean,False,True,Reader-aggregated D3_Lite secondary metric rows.
D3_EyeBench_own_method_score_max_v2_official_compatible_lite_00002,clean_evaluation,secondary_completed_result,clean,False,True,Reader-aggregated D3_Lite secondary metric rows.
D3_EyeBench_own_method_score_max_v2_official_compatible_lite_00003,clean_evaluation,secondary_completed_result,clean,False,True,Reader-aggregated D3_Lite secondary metric rows.
D3_EyeBench_own_method_score_max_v2_official_compatible_lite_00004,clean_evaluation,secondary_completed_result,clean,False,True,Reader-aggregated D3_Lite secondary metric rows.
D3_EyeBench_own_method_score_max_v2_official_compatible_lite_00005,clean_evaluation,secondary_completed_result,clean,False,True,Reader-aggregated D3_Lite secondary metric rows.
D3_EyeBench_own_method_score_max_v2_official_compatible_lite_00006,clean_evaluation,secondary_completed_result,clean,False,True,Reader-aggregated D3_Lite secondary metric rows.
D3_EyeBench_own_method_score_max_v2_official_compatible_lite_00007,clean_evaluation,secondary_completed_result,clean,False,True,Reader-aggregated D3_Lite secondary metric rows.
D3_EyeBench_own_method_score_max_v2_official_compatible_lite_00008,clean_evaluation,secondary_completed_result,clean,False,True,Reader-aggregated D3_Lite secondary metric rows.
D3_EyeBench_own_method_score_max_v2_official_compatible_lite_00009,clean_evaluation,secondary_completed_result,clean,False,True,Reader-aggregated D3_Lite secondary metric rows.
D3_EyeBench_own_method_score_max_v2_official_compatible_lite_00010,clean_evaluation,secondary_completed_result,clean,False,True,Reader-aggregated D3_Lite secondary metric rows.
D3_EyeBench_own_method_score_max_v2_official_compatible_lite_00011,clean_evaluation,secondary_completed_result,clean,False,True,Reader-aggregated D3_Lite secondary metric rows.
D3_EyeBench_own_method_score_max_v2_official_compatible_lite_00012,clean_evaluation,secondary_completed_result,clean,False,True,Reader-aggregated D3_Lite secondary metric rows.
D3_EyeBench_own_method_score_max_v2_official_compatible_lite_00013,clean_evaluation,secondary_completed_result,clean,False,True,Reader-aggregated D3_Lite secondary metric rows.
D3_EyeBench_own_method_score_max_v2_official_compatible_lite_00014,clean_evaluation,secondary_completed_result,clean,False,True,Reader-aggregated D3_Lite secondary metric rows.
D3_EyeBench_own_method_score_max_v2_official_compatible_lite_00015,clean_evaluation,secondary_completed_result,clean,False,True,Reader-aggregated D3_Lite secondary metric rows.
D3_EyeBench_own_method_score_max_v2_official_compatible_lite_00016,clean_evaluation,secondary_completed_result,clean,False,True,Reader-aggregated D3_Lite secondary metric rows.
D3_EyeBench_own_method_score_max_v2_official_compatible_lite_00017,clean_evaluation,secondary_completed_result,clean,False,True,Reader-aggregated D3_Lite secondary metric rows.
D3_EyeBench_own_method_score_max_v2_official_compatible_lite_00018,clean_evaluation,secondary_completed_result,clean,False,True,Reader-aggregated D3_Lite secondary metric rows.
D3_EyeBench_own_method_score_max_v2_official_compatible_lite_00019,clean_evaluation,secondary_completed_result,clean,False,True,Reader-aggregated D3_Lite secondary metric rows.
D3_EyeBench_own_method_score_max_v2_official_compatible_lite_00020,clean_evaluation,secondary_completed_result,clean,False,True,Reader-aggregated D3_Lite secondary metric rows.
OperatingPointAdaptation_v1_operating_point_diagnostic_00000,clean_evaluation,secondary_completed_result,clean,True,True,Reader probability aggregation metric rows from operating-point adaptation.
OperatingPointAdaptation_v1_operating_point_diagnostic_00001,clean_evaluation,secondary_completed_result,clean,True,True,Reader probability aggregation metric rows from operating-point adaptation.
OperatingPointAdaptation_v1_operating_point_diagnostic_00002,clean_evaluation,secondary_completed_result,clean,True,True,Reader probability aggregation metric rows from operating-point adaptation.
OperatingPointAdaptation_v1_operating_point_diagnostic_00003,clean_evaluation,secondary_completed_result,clean,True,True,Reader probability aggregation metric rows from operating-point adaptation.
OperatingPointAdaptation_v1_operating_point_diagnostic_00004,clean_evaluation,secondary_completed_result,clean,True,True,Reader probability aggregation metric rows from operating-point adaptation.
OperatingPointAdaptation_v1_operating_point_diagnostic_00005,clean_evaluation,secondary_completed_result,clean,True,True,Reader probability aggregation metric rows from operating-point adaptation.
OperatingPointAdaptation_v1_operating_point_diagnostic_00006,clean_evaluation,secondary_completed_result,clean,True,True,Reader probability aggregation metric rows from operating-point adaptation.
OperatingPointAdaptation_v1_operating_point_diagnostic_00007,clean_evaluation,secondary_completed_result,clean,True,True,Reader probability aggregation metric rows from operating-point adaptation.
OperatingPointAdaptation_v1_operating_point_diagnostic_00008,clean_evaluation,secondary_completed_result,clean,True,True,Reader probability aggregation metric rows from operating-point adaptation.
OperatingPointAdaptation_v1_operating_point_diagnostic_00009,clean_evaluation,secondary_completed_result,clean,True,True,Reader probability aggregation metric rows from operating-point adaptation.
OperatingPointAdaptation_v1_operating_point_diagnostic_00010,clean_evaluation,secondary_completed_result,clean,True,True,Reader probability aggregation metric rows from operating-point adaptation.
OperatingPointAdaptation_v1_operating_point_diagnostic_00011,clean_evaluation,secondary_completed_result,clean,True,True,Reader probability aggregation metric rows from operating-point adaptation.
OperatingPointAdaptation_v1_operating_point_diagnostic_00012,clean_evaluation,secondary_completed_result,clean,True,True,Reader probability aggregation metric rows from operating-point adaptation.
OperatingPointAdaptation_v1_operating_point_diagnostic_00013,clean_evaluation,secondary_completed_result,clean,True,True,Reader probability aggregation metric rows from operating-point adaptation.
OperatingPointAdaptation_v1_operating_point_diagnostic_00014,clean_evaluation,secondary_completed_result,clean,True,True,Reader probability aggregation metric rows from operating-point adaptation.
OperatingPointAdaptation_v1_operating_point_diagnostic_00015,clean_evaluation,secondary_completed_result,clean,True,True,Reader probability aggregation metric rows from operating-point adaptation.
OperatingPointAdaptation_v1_operating_point_diagnostic_00016,clean_evaluation,secondary_completed_result,clean,True,True,Reader probability aggregation metric rows from operating-point adaptation.
OperatingPointAdaptation_v1_operating_point_diagnostic_00017,clean_evaluation,secondary_completed_result,clean,True,True,Reader probability aggregation metric rows from operating-point adaptation.
OperatingPointAdaptation_v1_operating_point_diagnostic_00018,clean_evaluation,secondary_completed_result,clean,True,True,Reader probability aggregation metric rows from operating-point adaptation.
OperatingPointAdaptation_v1_operating_point_diagnostic_00019,clean_evaluation,secondary_completed_result,clean,True,True,Reader probability aggregation metric rows from operating-point adaptation.
OperatingPointAdaptation_v1_operating_point_diagnostic_00020,clean_evaluation,secondary_completed_result,clean,True,True,Reader probability aggregation metric rows from operating-point adaptation.
OperatingPointAdaptation_v1_operating_point_diagnostic_00021,clean_evaluation,secondary_completed_result,clean,True,True,Reader probability aggregation metric rows from operating-point adaptation.
OperatingPointAdaptation_v1_operating_point_diagnostic_00022,clean_evaluation,secondary_completed_result,clean,True,True,Reader probability aggregation metric rows from operating-point adaptation.
OperatingPointAdaptation_v1_operating_point_diagnostic_00023,clean_evaluation,secondary_completed_result,clean,True,True,Reader probability aggregation metric rows from operating-point adaptation.
OperatingPointAdaptation_v1_operating_point_diagnostic_00024,clean_evaluation,secondary_completed_result,clean,True,True,Reader probability aggregation metric rows from operating-point adaptation.
OperatingPointAdaptation_v1_operating_point_diagnostic_00025,clean_evaluation,secondary_completed_result,clean,True,True,Reader probability aggregation metric rows from operating-point adaptation.
OperatingPointAdaptation_v1_operating_point_diagnostic_00026,clean_evaluation,secondary_completed_result,clean,True,True,Reader probability aggregation metric rows from operating-point adaptation.
OperatingPointAdaptation_v1_operating_point_diagnostic_00027,clean_evaluation,secondary_completed_result,clean,True,True,Reader probability aggregation metric rows from operating-point adaptation.
OperatingPointAdaptation_v1_operating_point_diagnostic_00028,clean_evaluation,secondary_completed_result,clean,True,True,Reader probability aggregation metric rows from operating-point adaptation.
OperatingPointAdaptation_v1_operating_point_diagnostic_00029,clean_evaluation,secondary_completed_result,clean,True,True,Reader probability aggregation metric rows from operating-point adaptation.
OperatingPointAdaptation_v1_operating_point_diagnostic_00030,clean_evaluation,secondary_completed_result,clean,True,True,Reader probability aggregation metric rows from operating-point adaptation.
OperatingPointAdaptation_v1_operating_point_diagnostic_00031,clean_evaluation,secondary_completed_result,clean,True,True,Reader probability aggregation metric rows from operating-point adaptation.
OperatingPointAdaptation_v1_operating_point_diagnostic_00032,clean_evaluation,secondary_completed_result,clean,True,True,Reader probability aggregation metric rows from operating-point adaptation.
OperatingPointAdaptation_v1_operating_point_diagnostic_00033,clean_evaluation,secondary_completed_result,clean,True,True,Reader probability aggregation metric rows from operating-point adaptation.
OperatingPointAdaptation_v1_operating_point_diagnostic_00034,clean_evaluation,secondary_completed_result,clean,True,True,Reader probability aggregation metric rows from operating-point adaptation.
OperatingPointAdaptation_v1_operating_point_diagnostic_00035,clean_evaluation,secondary_completed_result,clean,True,True,Reader probability aggregation metric rows from operating-point adaptation.
OperatingPointAdaptation_v1_operating_point_diagnostic_00036,clean_evaluation,secondary_completed_result,clean,True,True,Reader probability aggregation metric rows from operating-point adaptation.
OperatingPointAdaptation_v1_operating_point_diagnostic_00037,clean_evaluation,secondary_completed_result,clean,True,True,Reader probability aggregation metric rows from operating-point adaptation.
OperatingPointAdaptation_v1_operating_point_diagnostic_00038,clean_evaluation,secondary_completed_result,clean,True,True,Reader probability aggregation metric rows from operating-point adaptation.
OperatingPointAdaptation_v1_operating_point_diagnostic_00039,clean_evaluation,secondary_completed_result,clean,True,True,Reader probability aggregation metric rows from operating-point adaptation.
OperatingPointAdaptation_v1_operating_point_diagnostic_00040,clean_evaluation,secondary_completed_result,clean,True,True,Reader probability aggregation metric rows from operating-point adaptation.
OperatingPointAdaptation_v1_operating_point_diagnostic_00041,clean_evaluation,secondary_completed_result,clean,True,True,Reader probability aggregation metric rows from operating-point adaptation.
OperatingPointAdaptation_v1_operating_point_diagnostic_00042,clean_evaluation,secondary_completed_result,clean,True,True,Reader probability aggregation metric rows from operating-point adaptation.
OperatingPointAdaptation_v1_operating_point_diagnostic_00043,clean_evaluation,secondary_completed_result,clean,True,True,Reader probability aggregation metric rows from operating-point adaptation.
OperatingPointAdaptation_v1_operating_point_diagnostic_00044,clean_evaluation,secondary_completed_result,clean,True,True,Reader probability aggregation metric rows from operating-point adaptation.
D3OnlineTargetedOptimization_v2_unseen_text_specialist_00000,clean_evaluation,diagnostic_completed_result,clean,False,True,Legal unseen_text rescue candidate rows; diagnostic/specialist source role.
D3OnlineTargetedOptimization_v2_unseen_text_specialist_00001,clean_evaluation,diagnostic_completed_result,clean,False,True,Legal unseen_text rescue candidate rows; diagnostic/specialist source role.
D3OnlineTargetedOptimization_v2_unseen_text_specialist_00002,clean_evaluation,diagnostic_completed_result,clean,False,True,Legal unseen_text rescue candidate rows; diagnostic/specialist source role.
D3OnlineTargetedOptimization_v2_unseen_text_specialist_00003,clean_evaluation,diagnostic_completed_result,clean,False,True,Legal unseen_text rescue candidate rows; diagnostic/specialist source role.
D3OnlineTargetedOptimization_v1_online_prefix_00000,clean_evaluation,deprecated_or_fast_run,clean,False,True,Legal calibration rows from fast/truncated v1 online run.
D3OnlineTargetedOptimization_v1_online_prefix_00001,clean_evaluation,deprecated_or_fast_run,clean,False,True,Legal calibration rows from fast/truncated v1 online run.
D3OnlineTargetedOptimization_v1_online_prefix_00002,clean_evaluation,deprecated_or_fast_run,clean,False,True,Legal calibration rows from fast/truncated v1 online run.
D3OnlineTargetedOptimization_v1_online_prefix_00003,clean_evaluation,deprecated_or_fast_run,clean,False,True,Legal calibration rows from fast/truncated v1 online run.
D3OnlineTargetedOptimization_v1_online_prefix_00004,clean_evaluation,deprecated_or_fast_run,clean,False,True,Legal calibration rows from fast/truncated v1 online run.
D3OnlineTargetedOptimization_v1_online_prefix_00005,clean_evaluation,deprecated_or_fast_run,clean,False,True,Legal calibration rows from fast/truncated v1 online run.
D3OnlineTargetedOptimization_v1_online_prefix_00006,clean_evaluation,deprecated_or_fast_run,clean,False,True,Legal calibration rows from fast/truncated v1 online run.
D3OnlineTargetedOptimization_v1_online_prefix_00007,clean_evaluation,deprecated_or_fast_run,clean,False,True,Legal calibration rows from fast/truncated v1 online run.
D3OnlineTargetedOptimization_v1_online_prefix_00008,clean_evaluation,deprecated_or_fast_run,clean,False,True,Legal calibration rows from fast/truncated v1 online run.
D3OnlineTargetedOptimization_v1_online_prefix_00009,clean_evaluation,deprecated_or_fast_run,clean,False,True,Legal calibration rows from fast/truncated v1 online run.
D3OnlineTargetedOptimization_v1_online_prefix_00010,clean_evaluation,deprecated_or_fast_run,clean,False,True,Legal calibration rows from fast/truncated v1 online run.
D3OnlineTargetedOptimization_v1_online_prefix_00011,clean_evaluation,deprecated_or_fast_run,clean,False,True,Legal calibration rows from fast/truncated v1 online run.
D3OnlineTargetedOptimization_v1_online_prefix_00012,clean_evaluation,deprecated_or_fast_run,clean,False,True,Legal calibration rows from fast/truncated v1 online run.
D3OnlineTargetedOptimization_v1_online_prefix_00013,clean_evaluation,deprecated_or_fast_run,clean,False,True,Legal calibration rows from fast/truncated v1 online run.
D3OnlineTargetedOptimization_v1_online_prefix_00014,clean_evaluation,deprecated_or_fast_run,clean,False,True,Legal calibration rows from fast/truncated v1 online run.
D3OnlineTargetedOptimization_v1_online_prefix_00015,clean_evaluation,deprecated_or_fast_run,clean,False,True,Legal calibration rows from fast/truncated v1 online run.
D3OnlineTargetedOptimization_v1_online_prefix_00016,clean_evaluation,deprecated_or_fast_run,clean,False,True,Legal calibration rows from fast/truncated v1 online run.
D3OnlineTargetedOptimization_v1_online_prefix_00017,clean_evaluation,deprecated_or_fast_run,clean,False,True,Legal calibration rows from fast/truncated v1 online run.
D3OnlineTargetedOptimization_v1_online_prefix_00018,clean_evaluation,deprecated_or_fast_run,clean,False,True,Legal calibration rows from fast/truncated v1 online run.
D3OnlineTargetedOptimization_v1_online_prefix_00019,clean_evaluation,deprecated_or_fast_run,clean,False,True,Legal calibration rows from fast/truncated v1 online run.
D3OnlineTargetedOptimization_v1_online_prefix_00020,clean_evaluation,deprecated_or_fast_run,clean,False,True,Legal calibration rows from fast/truncated v1 online run.
D3OnlineTargetedOptimization_v1_online_prefix_00021,clean_evaluation,deprecated_or_fast_run,clean,False,True,Legal calibration rows from fast/truncated v1 online run.
D3OnlineTargetedOptimization_v1_online_prefix_00022,clean_evaluation,deprecated_or_fast_run,clean,False,True,Legal calibration rows from fast/truncated v1 online run.
D3OnlineTargetedOptimization_v1_online_prefix_00023,clean_evaluation,deprecated_or_fast_run,clean,False,True,Legal calibration rows from fast/truncated v1 online run.
D3OnlineTargetedOptimization_v1_online_prefix_00024,clean_evaluation,deprecated_or_fast_run,clean,False,True,Legal calibration rows from fast/truncated v1 online run.
D3OnlineTargetedOptimization_v1_online_prefix_00025,clean_evaluation,deprecated_or_fast_run,clean,False,True,Legal calibration rows from fast/truncated v1 online run.
D3OnlineTargetedOptimization_v1_online_prefix_00026,clean_evaluation,deprecated_or_fast_run,clean,False,True,Legal calibration rows from fast/truncated v1 online run.
D3OnlineTargetedOptimization_v1_online_prefix_00027,clean_evaluation,deprecated_or_fast_run,clean,False,True,Legal calibration rows from fast/truncated v1 online run.
D3OnlineTargetedOptimization_v1_online_prefix_00028,clean_evaluation,deprecated_or_fast_run,clean,False,True,Legal calibration rows from fast/truncated v1 online run.
D3OnlineTargetedOptimization_v1_online_prefix_00029,clean_evaluation,deprecated_or_fast_run,clean,False,True,Legal calibration rows from fast/truncated v1 online run.
D3OnlineTargetedOptimization_v1_online_prefix_00030,clean_evaluation,deprecated_or_fast_run,clean,False,True,Legal calibration rows from fast/truncated v1 online run.
D3OnlineTargetedOptimization_v1_online_prefix_00031,clean_evaluation,deprecated_or_fast_run,clean,False,True,Legal calibration rows from fast/truncated v1 online run.
D3OnlineTargetedOptimization_v1_online_prefix_00032,clean_evaluation,deprecated_or_fast_run,clean,False,True,Legal calibration rows from fast/truncated v1 online run.
D3OnlineTargetedOptimization_v1_online_prefix_00033,clean_evaluation,deprecated_or_fast_run,clean,False,True,Legal calibration rows from fast/truncated v1 online run.
D3OnlineTargetedOptimization_v1_online_prefix_00034,clean_evaluation,deprecated_or_fast_run,clean,False,True,Legal calibration rows from fast/truncated v1 online run.
D3OnlineTargetedOptimization_v1_online_prefix_00035,clean_evaluation,deprecated_or_fast_run,clean,False,True,Legal calibration rows from fast/truncated v1 online run.
D3OnlineTargetedOptimization_v1_online_prefix_00036,clean_evaluation,deprecated_or_fast_run,clean,False,True,Legal calibration rows from fast/truncated v1 online run.
D3OnlineTargetedOptimization_v1_online_prefix_00037,clean_evaluation,deprecated_or_fast_run,clean,False,True,Legal calibration rows from fast/truncated v1 online run.
D3OnlineTargetedOptimization_v1_online_prefix_00038,clean_evaluation,deprecated_or_fast_run,clean,False,True,Legal calibration rows from fast/truncated v1 online run.
D3OnlineTargetedOptimization_v1_online_prefix_00039,clean_evaluation,deprecated_or_fast_run,clean,False,True,Legal calibration rows from fast/truncated v1 online run.
D3OnlineTargetedOptimization_v1_online_prefix_00040,clean_evaluation,deprecated_or_fast_run,clean,False,True,Legal calibration rows from fast/truncated v1 online run.
D3OnlineTargetedOptimization_v1_online_prefix_00041,clean_evaluation,deprecated_or_fast_run,clean,False,True,Legal calibration rows from fast/truncated v1 online run.
D3OnlineTargetedOptimization_v1_online_prefix_00042,clean_evaluation,deprecated_or_fast_run,clean,False,True,Legal calibration rows from fast/truncated v1 online run.
D3OnlineTargetedOptimization_v1_online_prefix_00043,clean_evaluation,deprecated_or_fast_run,clean,False,True,Legal calibration rows from fast/truncated v1 online run.
D3OnlineTargetedOptimization_v1_online_prefix_00044,clean_evaluation,deprecated_or_fast_run,clean,False,True,Legal calibration rows from fast/truncated v1 online run.
D3OnlineTargetedOptimization_v1_online_prefix_00045,clean_evaluation,deprecated_or_fast_run,clean,False,True,Legal calibration rows from fast/truncated v1 online run.
D3OnlineTargetedOptimization_v1_online_prefix_00046,clean_evaluation,deprecated_or_fast_run,clean,False,True,Legal calibration rows from fast/truncated v1 online run.
D3OnlineTargetedOptimization_v1_online_prefix_00047,clean_evaluation,deprecated_or_fast_run,clean,False,True,Legal calibration rows from fast/truncated v1 online run.
D3OnlineTargetedOptimization_v1_online_prefix_00048,clean_evaluation,deprecated_or_fast_run,clean,False,True,Legal calibration rows from fast/truncated v1 online run.
D3OnlineTargetedOptimization_v1_online_prefix_00049,clean_evaluation,deprecated_or_fast_run,clean,False,True,Legal calibration rows from fast/truncated v1 online run.
D3OnlineTargetedOptimization_v1_online_prefix_00050,clean_evaluation,deprecated_or_fast_run,clean,False,True,Legal calibration rows from fast/truncated v1 online run.
D3OnlineTargetedOptimization_v1_online_prefix_00051,clean_evaluation,deprecated_or_fast_run,clean,False,True,Legal calibration rows from fast/truncated v1 online run.
D3OnlineTargetedOptimization_v1_online_prefix_00052,clean_evaluation,deprecated_or_fast_run,clean,False,True,Legal calibration rows from fast/truncated v1 online run.
D3OnlineTargetedOptimization_v1_online_prefix_00053,clean_evaluation,deprecated_or_fast_run,clean,False,True,Legal calibration rows from fast/truncated v1 online run.
D3OnlineTargetedOptimization_v1_online_prefix_00054,clean_evaluation,deprecated_or_fast_run,clean,False,True,Legal calibration rows from fast/truncated v1 online run.
D3OnlineTargetedOptimization_v1_online_prefix_00055,clean_evaluation,deprecated_or_fast_run,clean,False,True,Legal calibration rows from fast/truncated v1 online run.
D3OnlineTargetedOptimization_v1_online_prefix_00056,clean_evaluation,deprecated_or_fast_run,clean,False,True,Legal calibration rows from fast/truncated v1 online run.
D3OnlineTargetedOptimization_v1_online_prefix_00057,clean_evaluation,deprecated_or_fast_run,clean,False,True,Legal calibration rows from fast/truncated v1 online run.
D3OnlineTargetedOptimization_v1_online_prefix_00058,clean_evaluation,deprecated_or_fast_run,clean,False,True,Legal calibration rows from fast/truncated v1 online run.
D3OnlineTargetedOptimization_v1_online_prefix_00059,clean_evaluation,deprecated_or_fast_run,clean,False,True,Legal calibration rows from fast/truncated v1 online run.
D3OnlineTargetedOptimization_v1_online_prefix_00060,clean_evaluation,deprecated_or_fast_run,clean,False,True,Legal calibration rows from fast/truncated v1 online run.
D3OnlineTargetedOptimization_v1_online_prefix_00061,clean_evaluation,deprecated_or_fast_run,clean,False,True,Legal calibration rows from fast/truncated v1 online run.
D3OnlineTargetedOptimization_v1_online_prefix_00062,clean_evaluation,deprecated_or_fast_run,clean,False,True,Legal calibration rows from fast/truncated v1 online run.
D3OnlineTargetedOptimization_v1_online_prefix_00063,clean_evaluation,deprecated_or_fast_run,clean,False,True,Legal calibration rows from fast/truncated v1 online run.
D3OnlineTargetedOptimization_v1_online_prefix_00064,clean_evaluation,deprecated_or_fast_run,clean,False,True,Legal calibration rows from fast/truncated v1 online run.
D3OnlineTargetedOptimization_v1_online_prefix_00065,clean_evaluation,deprecated_or_fast_run,clean,False,True,Legal calibration rows from fast/truncated v1 online run.
D3OnlineTargetedOptimization_v1_online_prefix_00066,clean_evaluation,deprecated_or_fast_run,clean,False,True,Legal calibration rows from fast/truncated v1 online run.
D3OnlineTargetedOptimization_v1_online_prefix_00067,clean_evaluation,deprecated_or_fast_run,clean,False,True,Legal calibration rows from fast/truncated v1 online run.
D3OnlineTargetedOptimization_v1_online_prefix_00068,clean_evaluation,deprecated_or_fast_run,clean,False,True,Legal calibration rows from fast/truncated v1 online run.
D3OnlineTargetedOptimization_v1_online_prefix_00069,clean_evaluation,deprecated_or_fast_run,clean,False,True,Legal calibration rows from fast/truncated v1 online run.
D3OnlineTargetedOptimization_v1_online_prefix_00070,clean_evaluation,deprecated_or_fast_run,clean,False,True,Legal calibration rows from fast/truncated v1 online run.
D3OnlineTargetedOptimization_v1_online_prefix_00071,clean_evaluation,deprecated_or_fast_run,clean,False,True,Legal calibration rows from fast/truncated v1 online run.
D3OnlineTargetedOptimization_v1_online_prefix_00072,clean_evaluation,deprecated_or_fast_run,clean,False,True,Legal calibration rows from fast/truncated v1 online run.
D3OnlineTargetedOptimization_v1_online_prefix_00073,clean_evaluation,deprecated_or_fast_run,clean,False,True,Legal calibration rows from fast/truncated v1 online run.
D3OnlineTargetedOptimization_v1_online_prefix_00074,clean_evaluation,deprecated_or_fast_run,clean,False,True,Legal calibration rows from fast/truncated v1 online run.
D3OnlineTargetedOptimization_v1_online_prefix_00075,clean_evaluation,deprecated_or_fast_run,clean,False,True,Legal calibration rows from fast/truncated v1 online run.
D3OnlineTargetedOptimization_v1_online_prefix_00076,clean_evaluation,deprecated_or_fast_run,clean,False,True,Legal calibration rows from fast/truncated v1 online run.
D3OnlineTargetedOptimization_v1_online_prefix_00077,clean_evaluation,deprecated_or_fast_run,clean,False,True,Legal calibration rows from fast/truncated v1 online run.
D3OnlineTargetedOptimization_v1_online_prefix_00078,clean_evaluation,deprecated_or_fast_run,clean,False,True,Legal calibration rows from fast/truncated v1 online run.
D3OnlineTargetedOptimization_v1_online_prefix_00079,clean_evaluation,deprecated_or_fast_run,clean,False,True,Legal calibration rows from fast/truncated v1 online run.
D3OnlineTargetedOptimization_v1_online_prefix_00080,clean_evaluation,deprecated_or_fast_run,clean,False,True,Legal calibration rows from fast/truncated v1 online run.
D3OnlineTargetedOptimization_v1_online_prefix_00081,clean_evaluation,deprecated_or_fast_run,clean,False,True,Legal calibration rows from fast/truncated v1 online run.
D3OnlineTargetedOptimization_v1_online_prefix_00082,clean_evaluation,deprecated_or_fast_run,clean,False,True,Legal calibration rows from fast/truncated v1 online run.
D3OnlineTargetedOptimization_v1_online_prefix_00083,clean_evaluation,deprecated_or_fast_run,clean,False,True,Legal calibration rows from fast/truncated v1 online run.
D3OnlineTargetedOptimization_v1_online_prefix_00084,clean_evaluation,deprecated_or_fast_run,clean,False,True,Legal calibration rows from fast/truncated v1 online run.
D3OnlineTargetedOptimization_v1_online_prefix_00085,clean_evaluation,deprecated_or_fast_run,clean,False,True,Legal calibration rows from fast/truncated v1 online run.
D3OnlineTargetedOptimization_v1_online_prefix_00086,clean_evaluation,deprecated_or_fast_run,clean,False,True,Legal calibration rows from fast/truncated v1 online run.
D3OnlineTargetedOptimization_v1_online_prefix_00087,clean_evaluation,deprecated_or_fast_run,clean,False,True,Legal calibration rows from fast/truncated v1 online run.
D3OnlineTargetedOptimization_v1_online_prefix_00088,clean_evaluation,deprecated_or_fast_run,clean,False,True,Legal calibration rows from fast/truncated v1 online run.
D3OnlineTargetedOptimization_v1_online_prefix_00089,clean_evaluation,deprecated_or_fast_run,clean,False,True,Legal calibration rows from fast/truncated v1 online run.
D3OnlineTargetedOptimization_v1_online_prefix_00090,clean_evaluation,deprecated_or_fast_run,clean,False,True,Legal calibration rows from fast/truncated v1 online run.
D3OnlineTargetedOptimization_v1_online_prefix_00091,clean_evaluation,deprecated_or_fast_run,clean,False,True,Legal calibration rows from fast/truncated v1 online run.
D3OnlineTargetedOptimization_v1_online_prefix_00092,clean_evaluation,deprecated_or_fast_run,clean,False,True,Legal calibration rows from fast/truncated v1 online run.
D3OnlineTargetedOptimization_v1_online_prefix_00093,clean_evaluation,deprecated_or_fast_run,clean,False,True,Legal calibration rows from fast/truncated v1 online run.
D3OnlineTargetedOptimization_v1_online_prefix_00094,clean_evaluation,deprecated_or_fast_run,clean,False,True,Legal calibration rows from fast/truncated v1 online run.
D3OnlineTargetedOptimization_v1_online_prefix_00095,clean_evaluation,deprecated_or_fast_run,clean,False,True,Legal calibration rows from fast/truncated v1 online run.
D3OnlineTargetedOptimization_v1_online_prefix_00096,clean_evaluation,deprecated_or_fast_run,clean,False,True,Legal calibration rows from fast/truncated v1 online run.
D3OnlineTargetedOptimization_v1_online_prefix_00097,clean_evaluation,deprecated_or_fast_run,clean,False,True,Legal calibration rows from fast/truncated v1 online run.
D3OnlineTargetedOptimization_v1_online_prefix_00098,clean_evaluation,deprecated_or_fast_run,clean,False,True,Legal calibration rows from fast/truncated v1 online run.
D3OnlineTargetedOptimization_v1_online_prefix_00099,clean_evaluation,deprecated_or_fast_run,clean,False,True,Legal calibration rows from fast/truncated v1 online run.
D3OnlineTargetedOptimization_v1_online_prefix_00100,clean_evaluation,deprecated_or_fast_run,clean,False,True,Legal calibration rows from fast/truncated v1 online run.
D3OnlineTargetedOptimization_v1_online_prefix_00101,clean_evaluation,deprecated_or_fast_run,clean,False,True,Legal calibration rows from fast/truncated v1 online run.
D3OnlineTargetedOptimization_v1_online_prefix_00102,clean_evaluation,deprecated_or_fast_run,clean,False,True,Legal calibration rows from fast/truncated v1 online run.
D3OnlineTargetedOptimization_v1_online_prefix_00103,clean_evaluation,deprecated_or_fast_run,clean,False,True,Legal calibration rows from fast/truncated v1 online run.
D3OnlineTargetedOptimization_v1_online_prefix_00104,clean_evaluation,deprecated_or_fast_run,clean,False,True,Legal calibration rows from fast/truncated v1 online run.
D3OnlineTargetedOptimization_v1_online_prefix_00105,clean_evaluation,deprecated_or_fast_run,clean,False,True,Legal calibration rows from fast/truncated v1 online run.
D3OnlineTargetedOptimization_v1_online_prefix_00106,clean_evaluation,deprecated_or_fast_run,clean,False,True,Legal calibration rows from fast/truncated v1 online run.
D3OnlineTargetedOptimization_v1_online_prefix_00107,clean_evaluation,deprecated_or_fast_run,clean,False,True,Legal calibration rows from fast/truncated v1 online run.
D3OnlineTargetedOptimization_v1_online_prefix_00108,clean_evaluation,deprecated_or_fast_run,clean,False,True,Legal calibration rows from fast/truncated v1 online run.
D3OnlineTargetedOptimization_v1_online_prefix_00109,clean_evaluation,deprecated_or_fast_run,clean,False,True,Legal calibration rows from fast/truncated v1 online run.
D3OnlineTargetedOptimization_v1_online_prefix_00110,clean_evaluation,deprecated_or_fast_run,clean,False,True,Legal calibration rows from fast/truncated v1 online run.
D3OnlineTargetedOptimization_v1_online_prefix_00111,clean_evaluation,deprecated_or_fast_run,clean,False,True,Legal calibration rows from fast/truncated v1 online run.
D3OnlineTargetedOptimization_v1_online_prefix_00112,clean_evaluation,deprecated_or_fast_run,clean,False,True,Legal calibration rows from fast/truncated v1 online run.
D3OnlineTargetedOptimization_v1_online_prefix_00113,clean_evaluation,deprecated_or_fast_run,clean,False,True,Legal calibration rows from fast/truncated v1 online run.
D3OnlineTargetedOptimization_v1_online_prefix_00114,clean_evaluation,deprecated_or_fast_run,clean,False,True,Legal calibration rows from fast/truncated v1 online run.
D3OnlineTargetedOptimization_v1_online_prefix_00115,clean_evaluation,deprecated_or_fast_run,clean,False,True,Legal calibration rows from fast/truncated v1 online run.
D3OnlineTargetedOptimization_v1_online_prefix_00116,clean_evaluation,deprecated_or_fast_run,clean,False,True,Legal calibration rows from fast/truncated v1 online run.
D3OnlineTargetedOptimization_v1_online_prefix_00117,clean_evaluation,deprecated_or_fast_run,clean,False,True,Legal calibration rows from fast/truncated v1 online run.
D3OnlineTargetedOptimization_v1_online_prefix_00118,clean_evaluation,deprecated_or_fast_run,clean,False,True,Legal calibration rows from fast/truncated v1 online run.
D3OnlineTargetedOptimization_v1_online_prefix_00119,clean_evaluation,deprecated_or_fast_run,clean,False,True,Legal calibration rows from fast/truncated v1 online run.
D3OnlineTargetedOptimization_v1_online_prefix_00000_dup_00350,clean_evaluation,deprecated_or_fast_run,clean,False,True,Legal threshold rows from fast/truncated v1 online run.
D3OnlineTargetedOptimization_v1_online_prefix_00001_dup_00351,clean_evaluation,deprecated_or_fast_run,clean,False,True,Legal threshold rows from fast/truncated v1 online run.
D3OnlineTargetedOptimization_v1_online_prefix_00002_dup_00352,clean_evaluation,deprecated_or_fast_run,clean,False,True,Legal threshold rows from fast/truncated v1 online run.
D3OnlineTargetedOptimization_v1_online_prefix_00003_dup_00353,clean_evaluation,deprecated_or_fast_run,clean,False,True,Legal threshold rows from fast/truncated v1 online run.
D3OnlineTargetedOptimization_v1_online_prefix_00004_dup_00354,clean_evaluation,deprecated_or_fast_run,clean,False,True,Legal threshold rows from fast/truncated v1 online run.
D3OnlineTargetedOptimization_v1_online_prefix_00005_dup_00355,clean_evaluation,deprecated_or_fast_run,clean,False,True,Legal threshold rows from fast/truncated v1 online run.
D3OnlineTargetedOptimization_v1_online_prefix_00006_dup_00356,clean_evaluation,deprecated_or_fast_run,clean,False,True,Legal threshold rows from fast/truncated v1 online run.
D3OnlineTargetedOptimization_v1_online_prefix_00007_dup_00357,clean_evaluation,deprecated_or_fast_run,clean,False,True,Legal threshold rows from fast/truncated v1 online run.
D3OnlineTargetedOptimization_v1_online_prefix_00008_dup_00358,clean_evaluation,deprecated_or_fast_run,clean,False,True,Legal threshold rows from fast/truncated v1 online run.
D3OnlineTargetedOptimization_v1_online_prefix_00009_dup_00359,clean_evaluation,deprecated_or_fast_run,clean,False,True,Legal threshold rows from fast/truncated v1 online run.
D3OnlineTargetedOptimization_v1_online_prefix_00010_dup_00360,clean_evaluation,deprecated_or_fast_run,clean,False,True,Legal threshold rows from fast/truncated v1 online run.
D3OnlineTargetedOptimization_v1_online_prefix_00011_dup_00361,clean_evaluation,deprecated_or_fast_run,clean,False,True,Legal threshold rows from fast/truncated v1 online run.
D3OnlineTargetedOptimization_v1_online_prefix_00012_dup_00362,clean_evaluation,deprecated_or_fast_run,clean,False,True,Legal threshold rows from fast/truncated v1 online run.
D3OnlineTargetedOptimization_v1_online_prefix_00013_dup_00363,clean_evaluation,deprecated_or_fast_run,clean,False,True,Legal threshold rows from fast/truncated v1 online run.
D3OnlineTargetedOptimization_v1_online_prefix_00014_dup_00364,clean_evaluation,deprecated_or_fast_run,clean,False,True,Legal threshold rows from fast/truncated v1 online run.
D3OnlineTargetedOptimization_v1_online_prefix_00015_dup_00365,clean_evaluation,deprecated_or_fast_run,clean,False,True,Legal threshold rows from fast/truncated v1 online run.
D3OnlineTargetedOptimization_v1_online_prefix_00016_dup_00366,clean_evaluation,deprecated_or_fast_run,clean,False,True,Legal threshold rows from fast/truncated v1 online run.
D3OnlineTargetedOptimization_v1_online_prefix_00017_dup_00367,clean_evaluation,deprecated_or_fast_run,clean,False,True,Legal threshold rows from fast/truncated v1 online run.
D3OnlineTargetedOptimization_v1_online_prefix_00018_dup_00368,clean_evaluation,deprecated_or_fast_run,clean,False,True,Legal threshold rows from fast/truncated v1 online run.
D3OnlineTargetedOptimization_v1_online_prefix_00019_dup_00369,clean_evaluation,deprecated_or_fast_run,clean,False,True,Legal threshold rows from fast/truncated v1 online run.
D3OnlineTargetedOptimization_v1_online_prefix_00020_dup_00370,clean_evaluation,deprecated_or_fast_run,clean,False,True,Legal threshold rows from fast/truncated v1 online run.
D3OnlineTargetedOptimization_v1_online_prefix_00021_dup_00371,clean_evaluation,deprecated_or_fast_run,clean,False,True,Legal threshold rows from fast/truncated v1 online run.
D3OnlineTargetedOptimization_v1_online_prefix_00022_dup_00372,clean_evaluation,deprecated_or_fast_run,clean,False,True,Legal threshold rows from fast/truncated v1 online run.
D3OnlineTargetedOptimization_v1_online_prefix_00023_dup_00373,clean_evaluation,deprecated_or_fast_run,clean,False,True,Legal threshold rows from fast/truncated v1 online run.
D3OnlineTargetedOptimization_v1_online_prefix_00024_dup_00374,clean_evaluation,deprecated_or_fast_run,clean,False,True,Legal threshold rows from fast/truncated v1 online run.
D3OnlineTargetedOptimization_v1_online_prefix_00025_dup_00375,clean_evaluation,deprecated_or_fast_run,clean,False,True,Legal threshold rows from fast/truncated v1 online run.
D3OnlineTargetedOptimization_v1_online_prefix_00026_dup_00376,clean_evaluation,deprecated_or_fast_run,clean,False,True,Legal threshold rows from fast/truncated v1 online run.
D3OnlineTargetedOptimization_v1_online_prefix_00027_dup_00377,clean_evaluation,deprecated_or_fast_run,clean,False,True,Legal threshold rows from fast/truncated v1 online run.
D3OnlineTargetedOptimization_v1_online_prefix_00028_dup_00378,clean_evaluation,deprecated_or_fast_run,clean,False,True,Legal threshold rows from fast/truncated v1 online run.
D3OnlineTargetedOptimization_v1_online_prefix_00029_dup_00379,clean_evaluation,deprecated_or_fast_run,clean,False,True,Legal threshold rows from fast/truncated v1 online run.
D3OnlineTargetedOptimization_v1_online_prefix_00030_dup_00380,clean_evaluation,deprecated_or_fast_run,clean,False,True,Legal threshold rows from fast/truncated v1 online run.
D3OnlineTargetedOptimization_v1_online_prefix_00031_dup_00381,clean_evaluation,deprecated_or_fast_run,clean,False,True,Legal threshold rows from fast/truncated v1 online run.
D3OnlineTargetedOptimization_v1_online_prefix_00032_dup_00382,clean_evaluation,deprecated_or_fast_run,clean,False,True,Legal threshold rows from fast/truncated v1 online run.
D3OnlineTargetedOptimization_v1_online_prefix_00033_dup_00383,clean_evaluation,deprecated_or_fast_run,clean,False,True,Legal threshold rows from fast/truncated v1 online run.
D3OnlineTargetedOptimization_v1_online_prefix_00034_dup_00384,clean_evaluation,deprecated_or_fast_run,clean,False,True,Legal threshold rows from fast/truncated v1 online run.
D3OnlineTargetedOptimization_v1_online_prefix_00035_dup_00385,clean_evaluation,deprecated_or_fast_run,clean,False,True,Legal threshold rows from fast/truncated v1 online run.
D3OnlineTargetedOptimization_v1_online_prefix_00036_dup_00386,clean_evaluation,deprecated_or_fast_run,clean,False,True,Legal threshold rows from fast/truncated v1 online run.
D3OnlineTargetedOptimization_v1_online_prefix_00037_dup_00387,clean_evaluation,deprecated_or_fast_run,clean,False,True,Legal threshold rows from fast/truncated v1 online run.
D3OnlineTargetedOptimization_v1_online_prefix_00038_dup_00388,clean_evaluation,deprecated_or_fast_run,clean,False,True,Legal threshold rows from fast/truncated v1 online run.
D3OnlineTargetedOptimization_v1_online_prefix_00039_dup_00389,clean_evaluation,deprecated_or_fast_run,clean,False,True,Legal threshold rows from fast/truncated v1 online run.
D3OnlineTargetedOptimization_v1_online_prefix_00040_dup_00390,clean_evaluation,deprecated_or_fast_run,clean,False,True,Legal threshold rows from fast/truncated v1 online run.
D3OnlineTargetedOptimization_v1_online_prefix_00041_dup_00391,clean_evaluation,deprecated_or_fast_run,clean,False,True,Legal threshold rows from fast/truncated v1 online run.
D3OnlineTargetedOptimization_v1_online_prefix_00042_dup_00392,clean_evaluation,deprecated_or_fast_run,clean,False,True,Legal threshold rows from fast/truncated v1 online run.
D3OnlineTargetedOptimization_v1_online_prefix_00043_dup_00393,clean_evaluation,deprecated_or_fast_run,clean,False,True,Legal threshold rows from fast/truncated v1 online run.
D3OnlineTargetedOptimization_v1_online_prefix_00044_dup_00394,clean_evaluation,deprecated_or_fast_run,clean,False,True,Legal threshold rows from fast/truncated v1 online run.
D3OnlineTargetedOptimization_v1_online_prefix_00045_dup_00395,clean_evaluation,deprecated_or_fast_run,clean,False,True,Legal threshold rows from fast/truncated v1 online run.
D3OnlineTargetedOptimization_v1_online_prefix_00046_dup_00396,clean_evaluation,deprecated_or_fast_run,clean,False,True,Legal threshold rows from fast/truncated v1 online run.
D3OnlineTargetedOptimization_v1_online_prefix_00047_dup_00397,clean_evaluation,deprecated_or_fast_run,clean,False,True,Legal threshold rows from fast/truncated v1 online run.
D3OnlineTargetedOptimization_v1_online_prefix_00048_dup_00398,clean_evaluation,deprecated_or_fast_run,clean,False,True,Legal threshold rows from fast/truncated v1 online run.
D3OnlineTargetedOptimization_v1_online_prefix_00049_dup_00399,clean_evaluation,deprecated_or_fast_run,clean,False,True,Legal threshold rows from fast/truncated v1 online run.
D3OnlineTargetedOptimization_v1_online_prefix_00050_dup_00400,clean_evaluation,deprecated_or_fast_run,clean,False,True,Legal threshold rows from fast/truncated v1 online run.
D3OnlineTargetedOptimization_v1_online_prefix_00051_dup_00401,clean_evaluation,deprecated_or_fast_run,clean,False,True,Legal threshold rows from fast/truncated v1 online run.
D3OnlineTargetedOptimization_v1_online_prefix_00052_dup_00402,clean_evaluation,deprecated_or_fast_run,clean,False,True,Legal threshold rows from fast/truncated v1 online run.
D3OnlineTargetedOptimization_v1_online_prefix_00053_dup_00403,clean_evaluation,deprecated_or_fast_run,clean,False,True,Legal threshold rows from fast/truncated v1 online run.
D3OnlineTargetedOptimization_v1_online_prefix_00054_dup_00404,clean_evaluation,deprecated_or_fast_run,clean,False,True,Legal threshold rows from fast/truncated v1 online run.
D3OnlineTargetedOptimization_v1_online_prefix_00055_dup_00405,clean_evaluation,deprecated_or_fast_run,clean,False,True,Legal threshold rows from fast/truncated v1 online run.
D3OnlineTargetedOptimization_v1_online_prefix_00056_dup_00406,clean_evaluation,deprecated_or_fast_run,clean,False,True,Legal threshold rows from fast/truncated v1 online run.
D3OnlineTargetedOptimization_v1_online_prefix_00057_dup_00407,clean_evaluation,deprecated_or_fast_run,clean,False,True,Legal threshold rows from fast/truncated v1 online run.
D3OnlineTargetedOptimization_v1_online_prefix_00058_dup_00408,clean_evaluation,deprecated_or_fast_run,clean,False,True,Legal threshold rows from fast/truncated v1 online run.
D3OnlineTargetedOptimization_v1_online_prefix_00059_dup_00409,clean_evaluation,deprecated_or_fast_run,clean,False,True,Legal threshold rows from fast/truncated v1 online run.
D3OnlineTargetedOptimization_v1_online_prefix_00060_dup_00410,clean_evaluation,deprecated_or_fast_run,clean,False,True,Legal threshold rows from fast/truncated v1 online run.
D3OnlineTargetedOptimization_v1_online_prefix_00061_dup_00411,clean_evaluation,deprecated_or_fast_run,clean,False,True,Legal threshold rows from fast/truncated v1 online run.
D3OnlineTargetedOptimization_v1_online_prefix_00062_dup_00412,clean_evaluation,deprecated_or_fast_run,clean,False,True,Legal threshold rows from fast/truncated v1 online run.
D3OnlineTargetedOptimization_v1_online_prefix_00063_dup_00413,clean_evaluation,deprecated_or_fast_run,clean,False,True,Legal threshold rows from fast/truncated v1 online run.
D3OnlineTargetedOptimization_v1_online_prefix_00064_dup_00414,clean_evaluation,deprecated_or_fast_run,clean,False,True,Legal threshold rows from fast/truncated v1 online run.
D3OnlineTargetedOptimization_v1_online_prefix_00065_dup_00415,clean_evaluation,deprecated_or_fast_run,clean,False,True,Legal threshold rows from fast/truncated v1 online run.
D3OnlineTargetedOptimization_v1_online_prefix_00066_dup_00416,clean_evaluation,deprecated_or_fast_run,clean,False,True,Legal threshold rows from fast/truncated v1 online run.
D3OnlineTargetedOptimization_v1_online_prefix_00067_dup_00417,clean_evaluation,deprecated_or_fast_run,clean,False,True,Legal threshold rows from fast/truncated v1 online run.
D3OnlineTargetedOptimization_v1_online_prefix_00068_dup_00418,clean_evaluation,deprecated_or_fast_run,clean,False,True,Legal threshold rows from fast/truncated v1 online run.
D3OnlineTargetedOptimization_v1_online_prefix_00069_dup_00419,clean_evaluation,deprecated_or_fast_run,clean,False,True,Legal threshold rows from fast/truncated v1 online run.
D3OnlineTargetedOptimization_v1_online_prefix_00070_dup_00420,clean_evaluation,deprecated_or_fast_run,clean,False,True,Legal threshold rows from fast/truncated v1 online run.
D3OnlineTargetedOptimization_v1_online_prefix_00071_dup_00421,clean_evaluation,deprecated_or_fast_run,clean,False,True,Legal threshold rows from fast/truncated v1 online run.
D3OnlineTargetedOptimization_v1_online_prefix_00072_dup_00422,clean_evaluation,deprecated_or_fast_run,clean,False,True,Legal threshold rows from fast/truncated v1 online run.
D3OnlineTargetedOptimization_v1_online_prefix_00073_dup_00423,clean_evaluation,deprecated_or_fast_run,clean,False,True,Legal threshold rows from fast/truncated v1 online run.
D3OnlineTargetedOptimization_v1_online_prefix_00074_dup_00424,clean_evaluation,deprecated_or_fast_run,clean,False,True,Legal threshold rows from fast/truncated v1 online run.
D3OnlineTargetedOptimization_v1_online_prefix_00075_dup_00425,clean_evaluation,deprecated_or_fast_run,clean,False,True,Legal threshold rows from fast/truncated v1 online run.
D3OnlineTargetedOptimization_v1_online_prefix_00076_dup_00426,clean_evaluation,deprecated_or_fast_run,clean,False,True,Legal threshold rows from fast/truncated v1 online run.
D3OnlineTargetedOptimization_v1_online_prefix_00077_dup_00427,clean_evaluation,deprecated_or_fast_run,clean,False,True,Legal threshold rows from fast/truncated v1 online run.
D3OnlineTargetedOptimization_v1_online_prefix_00078_dup_00428,clean_evaluation,deprecated_or_fast_run,clean,False,True,Legal threshold rows from fast/truncated v1 online run.
D3OnlineTargetedOptimization_v1_online_prefix_00079_dup_00429,clean_evaluation,deprecated_or_fast_run,clean,False,True,Legal threshold rows from fast/truncated v1 online run.
D3OnlineTargetedOptimization_v1_online_prefix_00080_dup_00430,clean_evaluation,deprecated_or_fast_run,clean,False,True,Legal threshold rows from fast/truncated v1 online run.
D3OnlineTargetedOptimization_v1_online_prefix_00081_dup_00431,clean_evaluation,deprecated_or_fast_run,clean,False,True,Legal threshold rows from fast/truncated v1 online run.
D3OnlineTargetedOptimization_v1_online_prefix_00082_dup_00432,clean_evaluation,deprecated_or_fast_run,clean,False,True,Legal threshold rows from fast/truncated v1 online run.
D3OnlineTargetedOptimization_v1_online_prefix_00083_dup_00433,clean_evaluation,deprecated_or_fast_run,clean,False,True,Legal threshold rows from fast/truncated v1 online run.
D3OnlineTargetedOptimization_v1_online_prefix_00084_dup_00434,clean_evaluation,deprecated_or_fast_run,clean,False,True,Legal threshold rows from fast/truncated v1 online run.
D3OnlineTargetedOptimization_v1_online_prefix_00085_dup_00435,clean_evaluation,deprecated_or_fast_run,clean,False,True,Legal threshold rows from fast/truncated v1 online run.
D3OnlineTargetedOptimization_v1_online_prefix_00086_dup_00436,clean_evaluation,deprecated_or_fast_run,clean,False,True,Legal threshold rows from fast/truncated v1 online run.
D3OnlineTargetedOptimization_v1_online_prefix_00087_dup_00437,clean_evaluation,deprecated_or_fast_run,clean,False,True,Legal threshold rows from fast/truncated v1 online run.
D3OnlineTargetedOptimization_v1_online_prefix_00088_dup_00438,clean_evaluation,deprecated_or_fast_run,clean,False,True,Legal threshold rows from fast/truncated v1 online run.
D3OnlineTargetedOptimization_v1_online_prefix_00089_dup_00439,clean_evaluation,deprecated_or_fast_run,clean,False,True,Legal threshold rows from fast/truncated v1 online run.
D3OnlineTargetedOptimization_v1_online_prefix_00090_dup_00440,clean_evaluation,deprecated_or_fast_run,clean,False,True,Legal threshold rows from fast/truncated v1 online run.
D3OnlineTargetedOptimization_v1_online_prefix_00091_dup_00441,clean_evaluation,deprecated_or_fast_run,clean,False,True,Legal threshold rows from fast/truncated v1 online run.
D3OnlineTargetedOptimization_v1_online_prefix_00092_dup_00442,clean_evaluation,deprecated_or_fast_run,clean,False,True,Legal threshold rows from fast/truncated v1 online run.
D3OnlineTargetedOptimization_v1_online_prefix_00093_dup_00443,clean_evaluation,deprecated_or_fast_run,clean,False,True,Legal threshold rows from fast/truncated v1 online run.
D3OnlineTargetedOptimization_v1_online_prefix_00094_dup_00444,clean_evaluation,deprecated_or_fast_run,clean,False,True,Legal threshold rows from fast/truncated v1 online run.
D3OnlineTargetedOptimization_v1_online_prefix_00095_dup_00445,clean_evaluation,deprecated_or_fast_run,clean,False,True,Legal threshold rows from fast/truncated v1 online run.
D3OnlineTargetedOptimization_v1_online_prefix_00096_dup_00446,clean_evaluation,deprecated_or_fast_run,clean,False,True,Legal threshold rows from fast/truncated v1 online run.
D3OnlineTargetedOptimization_v1_online_prefix_00097_dup_00447,clean_evaluation,deprecated_or_fast_run,clean,False,True,Legal threshold rows from fast/truncated v1 online run.
D3OnlineTargetedOptimization_v1_online_prefix_00098_dup_00448,clean_evaluation,deprecated_or_fast_run,clean,False,True,Legal threshold rows from fast/truncated v1 online run.
D3OnlineTargetedOptimization_v1_online_prefix_00099_dup_00449,clean_evaluation,deprecated_or_fast_run,clean,False,True,Legal threshold rows from fast/truncated v1 online run.
D3OnlineTargetedOptimization_v1_online_prefix_00100_dup_00450,clean_evaluation,deprecated_or_fast_run,clean,False,True,Legal threshold rows from fast/truncated v1 online run.
D3OnlineTargetedOptimization_v1_online_prefix_00101_dup_00451,clean_evaluation,deprecated_or_fast_run,clean,False,True,Legal threshold rows from fast/truncated v1 online run.
D3OnlineTargetedOptimization_v1_online_prefix_00102_dup_00452,clean_evaluation,deprecated_or_fast_run,clean,False,True,Legal threshold rows from fast/truncated v1 online run.
D3OnlineTargetedOptimization_v1_online_prefix_00103_dup_00453,clean_evaluation,deprecated_or_fast_run,clean,False,True,Legal threshold rows from fast/truncated v1 online run.
D3OnlineTargetedOptimization_v1_online_prefix_00104_dup_00454,clean_evaluation,deprecated_or_fast_run,clean,False,True,Legal threshold rows from fast/truncated v1 online run.
D3OnlineTargetedOptimization_v1_online_prefix_00105_dup_00455,clean_evaluation,deprecated_or_fast_run,clean,False,True,Legal threshold rows from fast/truncated v1 online run.
D3OnlineTargetedOptimization_v1_online_prefix_00106_dup_00456,clean_evaluation,deprecated_or_fast_run,clean,False,True,Legal threshold rows from fast/truncated v1 online run.
D3OnlineTargetedOptimization_v1_online_prefix_00107_dup_00457,clean_evaluation,deprecated_or_fast_run,clean,False,True,Legal threshold rows from fast/truncated v1 online run.
D3OnlineTargetedOptimization_v1_online_prefix_00108_dup_00458,clean_evaluation,deprecated_or_fast_run,clean,False,True,Legal threshold rows from fast/truncated v1 online run.
D3OnlineTargetedOptimization_v1_online_prefix_00109_dup_00459,clean_evaluation,deprecated_or_fast_run,clean,False,True,Legal threshold rows from fast/truncated v1 online run.
D3OnlineTargetedOptimization_v1_online_prefix_00110_dup_00460,clean_evaluation,deprecated_or_fast_run,clean,False,True,Legal threshold rows from fast/truncated v1 online run.
D3OnlineTargetedOptimization_v1_online_prefix_00111_dup_00461,clean_evaluation,deprecated_or_fast_run,clean,False,True,Legal threshold rows from fast/truncated v1 online run.
D3OnlineTargetedOptimization_v1_online_prefix_00112_dup_00462,clean_evaluation,deprecated_or_fast_run,clean,False,True,Legal threshold rows from fast/truncated v1 online run.
D3OnlineTargetedOptimization_v1_online_prefix_00113_dup_00463,clean_evaluation,deprecated_or_fast_run,clean,False,True,Legal threshold rows from fast/truncated v1 online run.
D3OnlineTargetedOptimization_v1_online_prefix_00114_dup_00464,clean_evaluation,deprecated_or_fast_run,clean,False,True,Legal threshold rows from fast/truncated v1 online run.
D3OnlineTargetedOptimization_v1_online_prefix_00115_dup_00465,clean_evaluation,deprecated_or_fast_run,clean,False,True,Legal threshold rows from fast/truncated v1 online run.
D3OnlineTargetedOptimization_v1_online_prefix_00116_dup_00466,clean_evaluation,deprecated_or_fast_run,clean,False,True,Legal threshold rows from fast/truncated v1 online run.
D3OnlineTargetedOptimization_v1_online_prefix_00117_dup_00467,clean_evaluation,deprecated_or_fast_run,clean,False,True,Legal threshold rows from fast/truncated v1 online run.
D3OnlineTargetedOptimization_v1_online_prefix_00118_dup_00468,clean_evaluation,deprecated_or_fast_run,clean,False,True,Legal threshold rows from fast/truncated v1 online run.
D3OnlineTargetedOptimization_v1_online_prefix_00119_dup_00469,clean_evaluation,deprecated_or_fast_run,clean,False,True,Legal threshold rows from fast/truncated v1 online run.
OfficialEyeBenchSOTACheck_v1_official_compatible_lite_00000,clean_evaluation,secondary_completed_result,clean,False,True,Official SOTA check comparison file; official claim remains false where present.
OfficialEyeBenchSOTACheck_v1_official_compatible_lite_00001,clean_evaluation,secondary_completed_result,clean,False,True,Official SOTA check comparison file; official claim remains false where present.
OfficialEyeBenchSOTACheck_v1_official_compatible_lite_00002,clean_evaluation,secondary_completed_result,clean,False,True,Official SOTA check comparison file; official claim remains false where present.
OfficialEyeBenchSOTACheck_v1_official_compatible_lite_00003,clean_evaluation,secondary_completed_result,clean,False,True,Official SOTA check comparison file; official claim remains false where present.
OfficialEyeBenchSOTACheck_v1_official_compatible_lite_00004,clean_evaluation,secondary_completed_result,clean,False,True,Official SOTA check comparison file; official claim remains false where present.
OfficialEyeBenchSOTACheck_v1_official_compatible_lite_00005,clean_evaluation,secondary_completed_result,clean,False,True,Official SOTA check comparison file; official claim remains false where present.
OfficialEyeBenchSOTACheck_v1_official_compatible_lite_00006,clean_evaluation,secondary_completed_result,clean,False,True,Official SOTA check comparison file; official claim remains false where present.
OfficialEyeBenchSOTACheck_v1_official_compatible_lite_00007,clean_evaluation,secondary_completed_result,clean,False,True,Official SOTA check comparison file; official claim remains false where present.
OfficialEyeBenchSOTACheck_v1_official_compatible_lite_00008,clean_evaluation,secondary_completed_result,clean,False,True,Official SOTA check comparison file; official claim remains false where present.
OfficialEyeBenchSOTACheck_v1_official_compatible_lite_00009,clean_evaluation,secondary_completed_result,clean,False,True,Official SOTA check comparison file; official claim remains false where present.
OfficialEyeBenchSOTACheck_v1_official_compatible_lite_00010,clean_evaluation,secondary_completed_result,clean,False,True,Official SOTA check comparison file; official claim remains false where present.
OfficialEyeBenchSOTACheck_v1_official_compatible_lite_00011,clean_evaluation,secondary_completed_result,clean,False,True,Official SOTA check comparison file; official claim remains false where present.
OfficialEyeBenchSOTACheck_v1_official_compatible_lite_00012,clean_evaluation,secondary_completed_result,clean,False,True,Official SOTA check comparison file; official claim remains false where present.
OfficialEyeBenchSOTACheck_v1_official_compatible_lite_00013,clean_evaluation,secondary_completed_result,clean,False,True,Official SOTA check comparison file; official claim remains false where present.
OfficialEyeBenchSOTACheck_v1_official_compatible_lite_00014,clean_evaluation,secondary_completed_result,clean,False,True,Official SOTA check comparison file; official claim remains false where present.
OfficialEyeBenchSOTACheck_v1_official_compatible_lite_00015,clean_evaluation,secondary_completed_result,clean,False,True,Official SOTA check comparison file; official claim remains false where present.
