feature_group,fold_id,heldout_participant_id,feature,standardized_logistic_coefficient,coefficient_sign
D3_dfm_residual_gaze_only,0,P01,crossfit_ffd_residual_dfm_surprisal_slope,-0.12052226771528612,negative
D3_dfm_residual_gaze_only,0,P01,crossfit_ffd_residual_dfm_entropy_slope,-0.5977798314101951,negative
D3_dfm_residual_gaze_only,0,P01,crossfit_first_pass_residual_dfm_surprisal_slope,0.07650716452363432,positive
D3_dfm_residual_gaze_only,0,P01,crossfit_first_pass_residual_dfm_entropy_slope,1.0266783507919321,positive
D3_dfm_residual_gaze_only,0,P01,crossfit_go_past_residual_dfm_surprisal_slope,0.9244905544261631,positive
D3_dfm_residual_gaze_only,0,P01,crossfit_go_past_residual_dfm_entropy_slope,0.2129300530727761,positive
D3_dfm_residual_gaze_only,0,P01,crossfit_total_fixation_residual_dfm_surprisal_slope,0.5790305517326277,positive
D3_dfm_residual_gaze_only,0,P01,crossfit_total_fixation_residual_dfm_entropy_slope,1.026203959786939,positive
D3_dfm_residual_gaze_only,0,P01,crossfit_skipping_residual_dfm_surprisal_slope,0.1522154333839211,positive
D3_dfm_residual_gaze_only,0,P01,crossfit_skipping_residual_dfm_entropy_slope,0.10711533597677826,positive
D3_dfm_residual_gaze_only,0,P01,crossfit_fixation_count_residual_dfm_surprisal_slope,0.6396877373443615,positive
D3_dfm_residual_gaze_only,0,P01,crossfit_fixation_count_residual_dfm_entropy_slope,-0.169126189177708,negative
D3_dfm_residual_gaze_only,1,P02,crossfit_ffd_residual_dfm_surprisal_slope,-0.12551701203187693,negative
D3_dfm_residual_gaze_only,1,P02,crossfit_ffd_residual_dfm_entropy_slope,-0.6034668954021839,negative
D3_dfm_residual_gaze_only,1,P02,crossfit_first_pass_residual_dfm_surprisal_slope,0.07061986155311041,positive
D3_dfm_residual_gaze_only,1,P02,crossfit_first_pass_residual_dfm_entropy_slope,0.9846781821207417,positive
D3_dfm_residual_gaze_only,1,P02,crossfit_go_past_residual_dfm_surprisal_slope,0.89938826003781,positive
D3_dfm_residual_gaze_only,1,P02,crossfit_go_past_residual_dfm_entropy_slope,0.2327138937231967,positive
D3_dfm_residual_gaze_only,1,P02,crossfit_total_fixation_residual_dfm_surprisal_slope,0.5873257416560482,positive
D3_dfm_residual_gaze_only,1,P02,crossfit_total_fixation_residual_dfm_entropy_slope,1.0811009833547505,positive
D3_dfm_residual_gaze_only,1,P02,crossfit_skipping_residual_dfm_surprisal_slope,0.13426124237097647,positive
D3_dfm_residual_gaze_only,1,P02,crossfit_skipping_residual_dfm_entropy_slope,0.18012697790155024,positive
D3_dfm_residual_gaze_only,1,P02,crossfit_fixation_count_residual_dfm_surprisal_slope,0.6439981113793903,positive
D3_dfm_residual_gaze_only,1,P02,crossfit_fixation_count_residual_dfm_entropy_slope,-0.19806167054290172,negative
D3_dfm_residual_gaze_only,2,P03,crossfit_ffd_residual_dfm_surprisal_slope,-0.10337360451974208,negative
D3_dfm_residual_gaze_only,2,P03,crossfit_ffd_residual_dfm_entropy_slope,-0.5294311372401483,negative
D3_dfm_residual_gaze_only,2,P03,crossfit_first_pass_residual_dfm_surprisal_slope,-0.0074894665823761275,negative
D3_dfm_residual_gaze_only,2,P03,crossfit_first_pass_residual_dfm_entropy_slope,0.919518532164726,positive
D3_dfm_residual_gaze_only,2,P03,crossfit_go_past_residual_dfm_surprisal_slope,0.9585041434450364,positive
D3_dfm_residual_gaze_only,2,P03,crossfit_go_past_residual_dfm_entropy_slope,0.25491969918275936,positive
D3_dfm_residual_gaze_only,2,P03,crossfit_total_fixation_residual_dfm_surprisal_slope,0.6294961063658074,positive
D3_dfm_residual_gaze_only,2,P03,crossfit_total_fixation_residual_dfm_entropy_slope,1.1158837236894839,positive
D3_dfm_residual_gaze_only,2,P03,crossfit_skipping_residual_dfm_surprisal_slope,0.07247992800847874,positive
D3_dfm_residual_gaze_only,2,P03,crossfit_skipping_residual_dfm_entropy_slope,0.14990409010247532,positive
D3_dfm_residual_gaze_only,2,P03,crossfit_fixation_count_residual_dfm_surprisal_slope,0.6916445332546913,positive
D3_dfm_residual_gaze_only,2,P03,crossfit_fixation_count_residual_dfm_entropy_slope,-0.2033852459447632,negative
D3_dfm_residual_gaze_only,3,P04,crossfit_ffd_residual_dfm_surprisal_slope,-0.12199490647267423,negative
D3_dfm_residual_gaze_only,3,P04,crossfit_ffd_residual_dfm_entropy_slope,-0.6106506438717185,negative
D3_dfm_residual_gaze_only,3,P04,crossfit_first_pass_residual_dfm_surprisal_slope,0.07283147695758779,positive
D3_dfm_residual_gaze_only,3,P04,crossfit_first_pass_residual_dfm_entropy_slope,0.9815366566723415,positive
D3_dfm_residual_gaze_only,3,P04,crossfit_go_past_residual_dfm_surprisal_slope,0.9038648300186126,positive
D3_dfm_residual_gaze_only,3,P04,crossfit_go_past_residual_dfm_entropy_slope,0.18756865911857157,positive
D3_dfm_residual_gaze_only,3,P04,crossfit_total_fixation_residual_dfm_surprisal_slope,0.6025425730591181,positive
D3_dfm_residual_gaze_only,3,P04,crossfit_total_fixation_residual_dfm_entropy_slope,1.111712326407409,positive
D3_dfm_residual_gaze_only,3,P04,crossfit_skipping_residual_dfm_surprisal_slope,0.1474285861709984,positive
D3_dfm_residual_gaze_only,3,P04,crossfit_skipping_residual_dfm_entropy_slope,0.17129728914088388,positive
D3_dfm_residual_gaze_only,3,P04,crossfit_fixation_count_residual_dfm_surprisal_slope,0.6302155397467407,positive
D3_dfm_residual_gaze_only,3,P04,crossfit_fixation_count_residual_dfm_entropy_slope,-0.2005667555327781,negative
D3_dfm_residual_gaze_only,4,P05,crossfit_ffd_residual_dfm_surprisal_slope,-0.10413863742428243,negative
D3_dfm_residual_gaze_only,4,P05,crossfit_ffd_residual_dfm_entropy_slope,-0.5938179590058233,negative
D3_dfm_residual_gaze_only,4,P05,crossfit_first_pass_residual_dfm_surprisal_slope,0.035812256478378345,positive
D3_dfm_residual_gaze_only,4,P05,crossfit_first_pass_residual_dfm_entropy_slope,1.0259924843986703,positive
D3_dfm_residual_gaze_only,4,P05,crossfit_go_past_residual_dfm_surprisal_slope,0.9180139460590072,positive
D3_dfm_residual_gaze_only,4,P05,crossfit_go_past_residual_dfm_entropy_slope,0.18914551120750175,positive
D3_dfm_residual_gaze_only,4,P05,crossfit_total_fixation_residual_dfm_surprisal_slope,0.584234114272962,positive
D3_dfm_residual_gaze_only,4,P05,crossfit_total_fixation_residual_dfm_entropy_slope,1.067384827800042,positive
D3_dfm_residual_gaze_only,4,P05,crossfit_skipping_residual_dfm_surprisal_slope,0.15035677864447497,positive
D3_dfm_residual_gaze_only,4,P05,crossfit_skipping_residual_dfm_entropy_slope,0.1793036762265237,positive
D3_dfm_residual_gaze_only,4,P05,crossfit_fixation_count_residual_dfm_surprisal_slope,0.6437908463183423,positive
D3_dfm_residual_gaze_only,4,P05,crossfit_fixation_count_residual_dfm_entropy_slope,-0.2002993715712443,negative
D3_dfm_residual_gaze_only,5,P06,crossfit_ffd_residual_dfm_surprisal_slope,-0.12689090475771764,negative
D3_dfm_residual_gaze_only,5,P06,crossfit_ffd_residual_dfm_entropy_slope,-0.6023551587917549,negative
D3_dfm_residual_gaze_only,5,P06,crossfit_first_pass_residual_dfm_surprisal_slope,0.07562808317454467,positive
D3_dfm_residual_gaze_only,5,P06,crossfit_first_pass_residual_dfm_entropy_slope,0.999674729857414,positive
D3_dfm_residual_gaze_only,5,P06,crossfit_go_past_residual_dfm_surprisal_slope,0.9157560915305475,positive
D3_dfm_residual_gaze_only,5,P06,crossfit_go_past_residual_dfm_entropy_slope,0.19474714760170303,positive
D3_dfm_residual_gaze_only,5,P06,crossfit_total_fixation_residual_dfm_surprisal_slope,0.5944987293858338,positive
D3_dfm_residual_gaze_only,5,P06,crossfit_total_fixation_residual_dfm_entropy_slope,1.0867801474965288,positive
D3_dfm_residual_gaze_only,5,P06,crossfit_skipping_residual_dfm_surprisal_slope,0.1339296109563303,positive
D3_dfm_residual_gaze_only,5,P06,crossfit_skipping_residual_dfm_entropy_slope,0.16873767191667993,positive
D3_dfm_residual_gaze_only,5,P06,crossfit_fixation_count_residual_dfm_surprisal_slope,0.6388611394639908,positive
D3_dfm_residual_gaze_only,5,P06,crossfit_fixation_count_residual_dfm_entropy_slope,-0.1966673841290669,negative
D3_dfm_residual_gaze_only,6,P07,crossfit_ffd_residual_dfm_surprisal_slope,-0.11328820641589497,negative
D3_dfm_residual_gaze_only,6,P07,crossfit_ffd_residual_dfm_entropy_slope,-0.6201975754591298,negative
D3_dfm_residual_gaze_only,6,P07,crossfit_first_pass_residual_dfm_surprisal_slope,0.07351107342242422,positive
D3_dfm_residual_gaze_only,6,P07,crossfit_first_pass_residual_dfm_entropy_slope,1.0044171129710546,positive
D3_dfm_residual_gaze_only,6,P07,crossfit_go_past_residual_dfm_surprisal_slope,0.9069149366489138,positive
D3_dfm_residual_gaze_only,6,P07,crossfit_go_past_residual_dfm_entropy_slope,0.21330799083723173,positive
D3_dfm_residual_gaze_only,6,P07,crossfit_total_fixation_residual_dfm_surprisal_slope,0.6013733202632285,positive
D3_dfm_residual_gaze_only,6,P07,crossfit_total_fixation_residual_dfm_entropy_slope,1.077545526234632,positive
D3_dfm_residual_gaze_only,6,P07,crossfit_skipping_residual_dfm_surprisal_slope,0.1622332760297219,positive
D3_dfm_residual_gaze_only,6,P07,crossfit_skipping_residual_dfm_entropy_slope,0.18400745604402458,positive
D3_dfm_residual_gaze_only,6,P07,crossfit_fixation_count_residual_dfm_surprisal_slope,0.625050201987337,positive
D3_dfm_residual_gaze_only,6,P07,crossfit_fixation_count_residual_dfm_entropy_slope,-0.20808143703385684,negative
D3_dfm_residual_gaze_only,7,P08,crossfit_ffd_residual_dfm_surprisal_slope,-0.138607638350766,negative
D3_dfm_residual_gaze_only,7,P08,crossfit_ffd_residual_dfm_entropy_slope,-0.5932232165031156,negative
D3_dfm_residual_gaze_only,7,P08,crossfit_first_pass_residual_dfm_surprisal_slope,0.09936340941733482,positive
D3_dfm_residual_gaze_only,7,P08,crossfit_first_pass_residual_dfm_entropy_slope,0.9368768202989104,positive
D3_dfm_residual_gaze_only,7,P08,crossfit_go_past_residual_dfm_surprisal_slope,0.8631045290423077,positive
D3_dfm_residual_gaze_only,7,P08,crossfit_go_past_residual_dfm_entropy_slope,0.24740771388047028,positive
D3_dfm_residual_gaze_only,7,P08,crossfit_total_fixation_residual_dfm_surprisal_slope,0.5569579912662842,positive
D3_dfm_residual_gaze_only,7,P08,crossfit_total_fixation_residual_dfm_entropy_slope,1.148833914964359,positive
D3_dfm_residual_gaze_only,7,P08,crossfit_skipping_residual_dfm_surprisal_slope,0.14426001524906706,positive
D3_dfm_residual_gaze_only,7,P08,crossfit_skipping_residual_dfm_entropy_slope,0.13834785217572534,positive
D3_dfm_residual_gaze_only,7,P08,crossfit_fixation_count_residual_dfm_surprisal_slope,0.6264354241249291,positive
D3_dfm_residual_gaze_only,7,P08,crossfit_fixation_count_residual_dfm_entropy_slope,-0.2274387550866914,negative
D3_dfm_residual_gaze_only,8,P09,crossfit_ffd_residual_dfm_surprisal_slope,-0.12785843868159122,negative
D3_dfm_residual_gaze_only,8,P09,crossfit_ffd_residual_dfm_entropy_slope,-0.5975951022444824,negative
D3_dfm_residual_gaze_only,8,P09,crossfit_first_pass_residual_dfm_surprisal_slope,0.08564122686095205,positive
D3_dfm_residual_gaze_only,8,P09,crossfit_first_pass_residual_dfm_entropy_slope,0.9882479726714891,positive
D3_dfm_residual_gaze_only,8,P09,crossfit_go_past_residual_dfm_surprisal_slope,0.9195752242069208,positive
D3_dfm_residual_gaze_only,8,P09,crossfit_go_past_residual_dfm_entropy_slope,0.19228833605542694,positive
D3_dfm_residual_gaze_only,8,P09,crossfit_total_fixation_residual_dfm_surprisal_slope,0.5950051994865672,positive
D3_dfm_residual_gaze_only,8,P09,crossfit_total_fixation_residual_dfm_entropy_slope,1.0870864390982389,positive
D3_dfm_residual_gaze_only,8,P09,crossfit_skipping_residual_dfm_surprisal_slope,0.12914088520960484,positive
D3_dfm_residual_gaze_only,8,P09,crossfit_skipping_residual_dfm_entropy_slope,0.1605275950777485,positive
D3_dfm_residual_gaze_only,8,P09,crossfit_fixation_count_residual_dfm_surprisal_slope,0.6399881989418484,positive
D3_dfm_residual_gaze_only,8,P09,crossfit_fixation_count_residual_dfm_entropy_slope,-0.20013665495125052,negative
D3_dfm_residual_gaze_only,9,P10,crossfit_ffd_residual_dfm_surprisal_slope,-0.16542983586771004,negative
D3_dfm_residual_gaze_only,9,P10,crossfit_ffd_residual_dfm_entropy_slope,-0.5466202179228941,negative
D3_dfm_residual_gaze_only,9,P10,crossfit_first_pass_residual_dfm_surprisal_slope,0.04042052614430547,positive
D3_dfm_residual_gaze_only,9,P10,crossfit_first_pass_residual_dfm_entropy_slope,0.9752987673706953,positive
D3_dfm_residual_gaze_only,9,P10,crossfit_go_past_residual_dfm_surprisal_slope,0.9799715410457432,positive
D3_dfm_residual_gaze_only,9,P10,crossfit_go_past_residual_dfm_entropy_slope,0.18228985427435537,positive
D3_dfm_residual_gaze_only,9,P10,crossfit_total_fixation_residual_dfm_surprisal_slope,0.6076371323547093,positive
D3_dfm_residual_gaze_only,9,P10,crossfit_total_fixation_residual_dfm_entropy_slope,1.0244352097642422,positive
D3_dfm_residual_gaze_only,9,P10,crossfit_skipping_residual_dfm_surprisal_slope,0.0772362142050868,positive
D3_dfm_residual_gaze_only,9,P10,crossfit_skipping_residual_dfm_entropy_slope,0.14263949590422415,positive
D3_dfm_residual_gaze_only,9,P10,crossfit_fixation_count_residual_dfm_surprisal_slope,0.6484642123465894,positive
D3_dfm_residual_gaze_only,9,P10,crossfit_fixation_count_residual_dfm_entropy_slope,-0.18781567516522502,negative
D3_dfm_residual_gaze_only,10,P11,crossfit_ffd_residual_dfm_surprisal_slope,-0.1789438671825832,negative
D3_dfm_residual_gaze_only,10,P11,crossfit_ffd_residual_dfm_entropy_slope,-0.5181304672343773,negative
D3_dfm_residual_gaze_only,10,P11,crossfit_first_pass_residual_dfm_surprisal_slope,0.14779187917082465,positive
D3_dfm_residual_gaze_only,10,P11,crossfit_first_pass_residual_dfm_entropy_slope,0.9588678976504202,positive
D3_dfm_residual_gaze_only,10,P11,crossfit_go_past_residual_dfm_surprisal_slope,0.9514183424523349,positive
D3_dfm_residual_gaze_only,10,P11,crossfit_go_past_residual_dfm_entropy_slope,0.2768311155568313,positive
D3_dfm_residual_gaze_only,10,P11,crossfit_total_fixation_residual_dfm_surprisal_slope,0.6376291782075454,positive
D3_dfm_residual_gaze_only,10,P11,crossfit_total_fixation_residual_dfm_entropy_slope,1.1307000306915478,positive
D3_dfm_residual_gaze_only,10,P11,crossfit_skipping_residual_dfm_surprisal_slope,-0.06992126254212709,negative
D3_dfm_residual_gaze_only,10,P11,crossfit_skipping_residual_dfm_entropy_slope,0.2574201759974,positive
D3_dfm_residual_gaze_only,10,P11,crossfit_fixation_count_residual_dfm_surprisal_slope,0.6593833942754624,positive
D3_dfm_residual_gaze_only,10,P11,crossfit_fixation_count_residual_dfm_entropy_slope,-0.24699909143413964,negative
D3_dfm_residual_gaze_only,11,P12,crossfit_ffd_residual_dfm_surprisal_slope,-0.1061306342749534,negative
D3_dfm_residual_gaze_only,11,P12,crossfit_ffd_residual_dfm_entropy_slope,-0.6062574630513725,negative
D3_dfm_residual_gaze_only,11,P12,crossfit_first_pass_residual_dfm_surprisal_slope,0.12097204920530964,positive
D3_dfm_residual_gaze_only,11,P12,crossfit_first_pass_residual_dfm_entropy_slope,1.0021776524708081,positive
D3_dfm_residual_gaze_only,11,P12,crossfit_go_past_residual_dfm_surprisal_slope,0.9078860746736086,positive
D3_dfm_residual_gaze_only,11,P12,crossfit_go_past_residual_dfm_entropy_slope,0.2116902823184963,positive
D3_dfm_residual_gaze_only,11,P12,crossfit_total_fixation_residual_dfm_surprisal_slope,0.5955194984092024,positive
D3_dfm_residual_gaze_only,11,P12,crossfit_total_fixation_residual_dfm_entropy_slope,1.0655168405541728,positive
D3_dfm_residual_gaze_only,11,P12,crossfit_skipping_residual_dfm_surprisal_slope,0.15210902511276128,positive
D3_dfm_residual_gaze_only,11,P12,crossfit_skipping_residual_dfm_entropy_slope,0.17783884568037964,positive
D3_dfm_residual_gaze_only,11,P12,crossfit_fixation_count_residual_dfm_surprisal_slope,0.6216244137379731,positive
D3_dfm_residual_gaze_only,11,P12,crossfit_fixation_count_residual_dfm_entropy_slope,-0.19401738060933557,negative
D3_dfm_residual_gaze_only,12,P13,crossfit_ffd_residual_dfm_surprisal_slope,-0.12529542873147517,negative
D3_dfm_residual_gaze_only,12,P13,crossfit_ffd_residual_dfm_entropy_slope,-0.6113959316834399,negative
D3_dfm_residual_gaze_only,12,P13,crossfit_first_pass_residual_dfm_surprisal_slope,0.09528106813398014,positive
D3_dfm_residual_gaze_only,12,P13,crossfit_first_pass_residual_dfm_entropy_slope,0.9973238124841226,positive
D3_dfm_residual_gaze_only,12,P13,crossfit_go_past_residual_dfm_surprisal_slope,0.9226203648249454,positive
D3_dfm_residual_gaze_only,12,P13,crossfit_go_past_residual_dfm_entropy_slope,0.19283478898727,positive
D3_dfm_residual_gaze_only,12,P13,crossfit_total_fixation_residual_dfm_surprisal_slope,0.5898235672195568,positive
D3_dfm_residual_gaze_only,12,P13,crossfit_total_fixation_residual_dfm_entropy_slope,1.0859517760674826,positive
D3_dfm_residual_gaze_only,12,P13,crossfit_skipping_residual_dfm_surprisal_slope,0.13977178399653883,positive
D3_dfm_residual_gaze_only,12,P13,crossfit_skipping_residual_dfm_entropy_slope,0.16559516563009638,positive
D3_dfm_residual_gaze_only,12,P13,crossfit_fixation_count_residual_dfm_surprisal_slope,0.6354074858465109,positive
D3_dfm_residual_gaze_only,12,P13,crossfit_fixation_count_residual_dfm_entropy_slope,-0.20557994668563123,negative
D3_dfm_residual_gaze_only,13,P15,crossfit_ffd_residual_dfm_surprisal_slope,-0.12336663113389894,negative
D3_dfm_residual_gaze_only,13,P15,crossfit_ffd_residual_dfm_entropy_slope,-0.6157343522433382,negative
D3_dfm_residual_gaze_only,13,P15,crossfit_first_pass_residual_dfm_surprisal_slope,0.09711285885593969,positive
D3_dfm_residual_gaze_only,13,P15,crossfit_first_pass_residual_dfm_entropy_slope,0.9882216322575323,positive
D3_dfm_residual_gaze_only,13,P15,crossfit_go_past_residual_dfm_surprisal_slope,0.920735575140652,positive
D3_dfm_residual_gaze_only,13,P15,crossfit_go_past_residual_dfm_entropy_slope,0.19035948674603353,positive
D3_dfm_residual_gaze_only,13,P15,crossfit_total_fixation_residual_dfm_surprisal_slope,0.5985940531969348,positive
D3_dfm_residual_gaze_only,13,P15,crossfit_total_fixation_residual_dfm_entropy_slope,1.082034500463705,positive
D3_dfm_residual_gaze_only,13,P15,crossfit_skipping_residual_dfm_surprisal_slope,0.13200994357550652,positive
D3_dfm_residual_gaze_only,13,P15,crossfit_skipping_residual_dfm_entropy_slope,0.167155020785204,positive
D3_dfm_residual_gaze_only,13,P15,crossfit_fixation_count_residual_dfm_surprisal_slope,0.6408448477307715,positive
D3_dfm_residual_gaze_only,13,P15,crossfit_fixation_count_residual_dfm_entropy_slope,-0.20379385443386516,negative
D3_dfm_residual_gaze_only,14,P16,crossfit_ffd_residual_dfm_surprisal_slope,-0.1263622752129861,negative
D3_dfm_residual_gaze_only,14,P16,crossfit_ffd_residual_dfm_entropy_slope,-0.5971597284975269,negative
D3_dfm_residual_gaze_only,14,P16,crossfit_first_pass_residual_dfm_surprisal_slope,0.07488680784351179,positive
D3_dfm_residual_gaze_only,14,P16,crossfit_first_pass_residual_dfm_entropy_slope,0.9916783319757846,positive
D3_dfm_residual_gaze_only,14,P16,crossfit_go_past_residual_dfm_surprisal_slope,0.9082236951098249,positive
D3_dfm_residual_gaze_only,14,P16,crossfit_go_past_residual_dfm_entropy_slope,0.1919289442678627,positive
D3_dfm_residual_gaze_only,14,P16,crossfit_total_fixation_residual_dfm_surprisal_slope,0.582389103054573,positive
D3_dfm_residual_gaze_only,14,P16,crossfit_total_fixation_residual_dfm_entropy_slope,1.0932173052464584,positive
D3_dfm_residual_gaze_only,14,P16,crossfit_skipping_residual_dfm_surprisal_slope,0.13685145022423395,positive
D3_dfm_residual_gaze_only,14,P16,crossfit_skipping_residual_dfm_entropy_slope,0.15997456695829446,positive
D3_dfm_residual_gaze_only,14,P16,crossfit_fixation_count_residual_dfm_surprisal_slope,0.6336570148498964,positive
D3_dfm_residual_gaze_only,14,P16,crossfit_fixation_count_residual_dfm_entropy_slope,-0.19564687021054797,negative
D3_dfm_residual_gaze_only,15,P17,crossfit_ffd_residual_dfm_surprisal_slope,-0.21027788715392964,negative
D3_dfm_residual_gaze_only,15,P17,crossfit_ffd_residual_dfm_entropy_slope,-0.6329766311028666,negative
D3_dfm_residual_gaze_only,15,P17,crossfit_first_pass_residual_dfm_surprisal_slope,0.10298077586796293,positive
D3_dfm_residual_gaze_only,15,P17,crossfit_first_pass_residual_dfm_entropy_slope,0.9246478718142159,positive
D3_dfm_residual_gaze_only,15,P17,crossfit_go_past_residual_dfm_surprisal_slope,1.013985482823942,positive
D3_dfm_residual_gaze_only,15,P17,crossfit_go_past_residual_dfm_entropy_slope,0.24679654959110306,positive
D3_dfm_residual_gaze_only,15,P17,crossfit_total_fixation_residual_dfm_surprisal_slope,0.5529886787125383,positive
D3_dfm_residual_gaze_only,15,P17,crossfit_total_fixation_residual_dfm_entropy_slope,1.0722652505210204,positive
D3_dfm_residual_gaze_only,15,P17,crossfit_skipping_residual_dfm_surprisal_slope,0.13647493409110076,positive
D3_dfm_residual_gaze_only,15,P17,crossfit_skipping_residual_dfm_entropy_slope,0.2418526031863752,positive
D3_dfm_residual_gaze_only,15,P17,crossfit_fixation_count_residual_dfm_surprisal_slope,0.5831134647968684,positive
D3_dfm_residual_gaze_only,15,P17,crossfit_fixation_count_residual_dfm_entropy_slope,-0.18074141578782218,negative
D3_dfm_residual_gaze_only,16,P18,crossfit_ffd_residual_dfm_surprisal_slope,-0.13516198894420783,negative
D3_dfm_residual_gaze_only,16,P18,crossfit_ffd_residual_dfm_entropy_slope,-0.6024280938506222,negative
D3_dfm_residual_gaze_only,16,P18,crossfit_first_pass_residual_dfm_surprisal_slope,0.08650651368032472,positive
D3_dfm_residual_gaze_only,16,P18,crossfit_first_pass_residual_dfm_entropy_slope,0.9861440774658764,positive
D3_dfm_residual_gaze_only,16,P18,crossfit_go_past_residual_dfm_surprisal_slope,0.9294286128724034,positive
D3_dfm_residual_gaze_only,16,P18,crossfit_go_past_residual_dfm_entropy_slope,0.20666954045875183,positive
D3_dfm_residual_gaze_only,16,P18,crossfit_total_fixation_residual_dfm_surprisal_slope,0.5928773516354897,positive
D3_dfm_residual_gaze_only,16,P18,crossfit_total_fixation_residual_dfm_entropy_slope,1.076158559108828,positive
D3_dfm_residual_gaze_only,16,P18,crossfit_skipping_residual_dfm_surprisal_slope,0.11624939199499898,positive
D3_dfm_residual_gaze_only,16,P18,crossfit_skipping_residual_dfm_entropy_slope,0.17643797046041287,positive
D3_dfm_residual_gaze_only,16,P18,crossfit_fixation_count_residual_dfm_surprisal_slope,0.6394480560652381,positive
D3_dfm_residual_gaze_only,16,P18,crossfit_fixation_count_residual_dfm_entropy_slope,-0.2005092896661301,negative
D3_dfm_residual_gaze_only,17,P19,crossfit_ffd_residual_dfm_surprisal_slope,-0.1235200353304408,negative
D3_dfm_residual_gaze_only,17,P19,crossfit_ffd_residual_dfm_entropy_slope,-0.6065004631750808,negative
D3_dfm_residual_gaze_only,17,P19,crossfit_first_pass_residual_dfm_surprisal_slope,0.06489172855621404,positive
D3_dfm_residual_gaze_only,17,P19,crossfit_first_pass_residual_dfm_entropy_slope,0.9982014495256952,positive
D3_dfm_residual_gaze_only,17,P19,crossfit_go_past_residual_dfm_surprisal_slope,0.9367969129143316,positive
D3_dfm_residual_gaze_only,17,P19,crossfit_go_past_residual_dfm_entropy_slope,0.19046421645296904,positive
D3_dfm_residual_gaze_only,17,P19,crossfit_total_fixation_residual_dfm_surprisal_slope,0.6001996094615831,positive
D3_dfm_residual_gaze_only,17,P19,crossfit_total_fixation_residual_dfm_entropy_slope,1.0769372557932033,positive
D3_dfm_residual_gaze_only,17,P19,crossfit_skipping_residual_dfm_surprisal_slope,0.11896378405321864,positive
D3_dfm_residual_gaze_only,17,P19,crossfit_skipping_residual_dfm_entropy_slope,0.15389782584847833,positive
D3_dfm_residual_gaze_only,17,P19,crossfit_fixation_count_residual_dfm_surprisal_slope,0.6425783650537688,positive
D3_dfm_residual_gaze_only,17,P19,crossfit_fixation_count_residual_dfm_entropy_slope,-0.2078279040589292,negative
D3_dfm_residual_gaze_only,18,P20,crossfit_ffd_residual_dfm_surprisal_slope,-0.12860335628231157,negative
D3_dfm_residual_gaze_only,18,P20,crossfit_ffd_residual_dfm_entropy_slope,-0.5963429803013756,negative
D3_dfm_residual_gaze_only,18,P20,crossfit_first_pass_residual_dfm_surprisal_slope,0.08635176838229293,positive
D3_dfm_residual_gaze_only,18,P20,crossfit_first_pass_residual_dfm_entropy_slope,0.9918606619582035,positive
D3_dfm_residual_gaze_only,18,P20,crossfit_go_past_residual_dfm_surprisal_slope,0.9171766477525743,positive
D3_dfm_residual_gaze_only,18,P20,crossfit_go_past_residual_dfm_entropy_slope,0.19594258486159088,positive
D3_dfm_residual_gaze_only,18,P20,crossfit_total_fixation_residual_dfm_surprisal_slope,0.5958569854663174,positive
D3_dfm_residual_gaze_only,18,P20,crossfit_total_fixation_residual_dfm_entropy_slope,1.082242761046343,positive
D3_dfm_residual_gaze_only,18,P20,crossfit_skipping_residual_dfm_surprisal_slope,0.12470886617154037,positive
D3_dfm_residual_gaze_only,18,P20,crossfit_skipping_residual_dfm_entropy_slope,0.16134289021645198,positive
D3_dfm_residual_gaze_only,18,P20,crossfit_fixation_count_residual_dfm_surprisal_slope,0.6417107726491912,positive
D3_dfm_residual_gaze_only,18,P20,crossfit_fixation_count_residual_dfm_entropy_slope,-0.19880696957513141,negative
D3_dfm_residual_gaze_only,19,P21,crossfit_ffd_residual_dfm_surprisal_slope,-0.1311805660102124,negative
D3_dfm_residual_gaze_only,19,P21,crossfit_ffd_residual_dfm_entropy_slope,-0.576148633801631,negative
D3_dfm_residual_gaze_only,19,P21,crossfit_first_pass_residual_dfm_surprisal_slope,0.09094008220900211,positive
D3_dfm_residual_gaze_only,19,P21,crossfit_first_pass_residual_dfm_entropy_slope,0.9964879719079511,positive
D3_dfm_residual_gaze_only,19,P21,crossfit_go_past_residual_dfm_surprisal_slope,0.9160550348161361,positive
D3_dfm_residual_gaze_only,19,P21,crossfit_go_past_residual_dfm_entropy_slope,0.1946764518351004,positive
D3_dfm_residual_gaze_only,19,P21,crossfit_total_fixation_residual_dfm_surprisal_slope,0.5749611024630912,positive
D3_dfm_residual_gaze_only,19,P21,crossfit_total_fixation_residual_dfm_entropy_slope,1.0748309424114355,positive
D3_dfm_residual_gaze_only,19,P21,crossfit_skipping_residual_dfm_surprisal_slope,0.1339440264590653,positive
D3_dfm_residual_gaze_only,19,P21,crossfit_skipping_residual_dfm_entropy_slope,0.16016393956753563,positive
D3_dfm_residual_gaze_only,19,P21,crossfit_fixation_count_residual_dfm_surprisal_slope,0.6381490030660956,positive
D3_dfm_residual_gaze_only,19,P21,crossfit_fixation_count_residual_dfm_entropy_slope,-0.1928165810013052,negative
D3_dfm_residual_gaze_only,20,P22,crossfit_ffd_residual_dfm_surprisal_slope,-0.18009641715125543,negative
D3_dfm_residual_gaze_only,20,P22,crossfit_ffd_residual_dfm_entropy_slope,-0.600395101324095,negative
D3_dfm_residual_gaze_only,20,P22,crossfit_first_pass_residual_dfm_surprisal_slope,0.08811270438499125,positive
D3_dfm_residual_gaze_only,20,P22,crossfit_first_pass_residual_dfm_entropy_slope,0.9975213090062351,positive
D3_dfm_residual_gaze_only,20,P22,crossfit_go_past_residual_dfm_surprisal_slope,0.9331547966010526,positive
D3_dfm_residual_gaze_only,20,P22,crossfit_go_past_residual_dfm_entropy_slope,0.1779878772676001,positive
D3_dfm_residual_gaze_only,20,P22,crossfit_total_fixation_residual_dfm_surprisal_slope,0.5722941075864577,positive
D3_dfm_residual_gaze_only,20,P22,crossfit_total_fixation_residual_dfm_entropy_slope,1.082051590800671,positive
D3_dfm_residual_gaze_only,20,P22,crossfit_skipping_residual_dfm_surprisal_slope,0.06561446476165557,positive
D3_dfm_residual_gaze_only,20,P22,crossfit_skipping_residual_dfm_entropy_slope,0.11552543677989507,positive
D3_dfm_residual_gaze_only,20,P22,crossfit_fixation_count_residual_dfm_surprisal_slope,0.6547962629624942,positive
D3_dfm_residual_gaze_only,20,P22,crossfit_fixation_count_residual_dfm_entropy_slope,-0.18160076975739742,negative
D3_dfm_residual_gaze_only,21,P23,crossfit_ffd_residual_dfm_surprisal_slope,-0.16285622777642234,negative
D3_dfm_residual_gaze_only,21,P23,crossfit_ffd_residual_dfm_entropy_slope,-0.5861793489200157,negative
D3_dfm_residual_gaze_only,21,P23,crossfit_first_pass_residual_dfm_surprisal_slope,0.0895088338447993,positive
D3_dfm_residual_gaze_only,21,P23,crossfit_first_pass_residual_dfm_entropy_slope,0.9288998236812587,positive
D3_dfm_residual_gaze_only,21,P23,crossfit_go_past_residual_dfm_surprisal_slope,0.8862754182725696,positive
D3_dfm_residual_gaze_only,21,P23,crossfit_go_past_residual_dfm_entropy_slope,0.2275961630496161,positive
D3_dfm_residual_gaze_only,21,P23,crossfit_total_fixation_residual_dfm_surprisal_slope,0.55071542570288,positive
D3_dfm_residual_gaze_only,21,P23,crossfit_total_fixation_residual_dfm_entropy_slope,1.0704821523191113,positive
D3_dfm_residual_gaze_only,21,P23,crossfit_skipping_residual_dfm_surprisal_slope,0.1899283316372386,positive
D3_dfm_residual_gaze_only,21,P23,crossfit_skipping_residual_dfm_entropy_slope,0.1692261524794443,positive
D3_dfm_residual_gaze_only,21,P23,crossfit_fixation_count_residual_dfm_surprisal_slope,0.6298615265944234,positive
D3_dfm_residual_gaze_only,21,P23,crossfit_fixation_count_residual_dfm_entropy_slope,-0.1639247897013001,negative
D3_dfm_residual_gaze_only,22,P24,crossfit_ffd_residual_dfm_surprisal_slope,-0.0504594294715922,negative
D3_dfm_residual_gaze_only,22,P24,crossfit_ffd_residual_dfm_entropy_slope,-0.5564040947877285,negative
D3_dfm_residual_gaze_only,22,P24,crossfit_first_pass_residual_dfm_surprisal_slope,-0.03739555310746559,negative
D3_dfm_residual_gaze_only,22,P24,crossfit_first_pass_residual_dfm_entropy_slope,0.9246880102087651,positive
D3_dfm_residual_gaze_only,22,P24,crossfit_go_past_residual_dfm_surprisal_slope,0.9539912111405159,positive
D3_dfm_residual_gaze_only,22,P24,crossfit_go_past_residual_dfm_entropy_slope,0.2741471560118172,positive
D3_dfm_residual_gaze_only,22,P24,crossfit_total_fixation_residual_dfm_surprisal_slope,0.560128924568145,positive
D3_dfm_residual_gaze_only,22,P24,crossfit_total_fixation_residual_dfm_entropy_slope,1.0756323356005613,positive
D3_dfm_residual_gaze_only,22,P24,crossfit_skipping_residual_dfm_surprisal_slope,0.21389275679033568,positive
D3_dfm_residual_gaze_only,22,P24,crossfit_skipping_residual_dfm_entropy_slope,0.0915444791675694,positive
D3_dfm_residual_gaze_only,22,P24,crossfit_fixation_count_residual_dfm_surprisal_slope,0.6357067055559052,positive
D3_dfm_residual_gaze_only,22,P24,crossfit_fixation_count_residual_dfm_entropy_slope,-0.22948445099797077,negative
D3_dfm_residual_gaze_only,23,P25,crossfit_ffd_residual_dfm_surprisal_slope,-0.09748165770625218,negative
D3_dfm_residual_gaze_only,23,P25,crossfit_ffd_residual_dfm_entropy_slope,-0.5886351112209736,negative
D3_dfm_residual_gaze_only,23,P25,crossfit_first_pass_residual_dfm_surprisal_slope,0.1353116797015061,positive
D3_dfm_residual_gaze_only,23,P25,crossfit_first_pass_residual_dfm_entropy_slope,0.9592572343579685,positive
D3_dfm_residual_gaze_only,23,P25,crossfit_go_past_residual_dfm_surprisal_slope,0.9645685674191836,positive
D3_dfm_residual_gaze_only,23,P25,crossfit_go_past_residual_dfm_entropy_slope,0.2596612957459023,positive
D3_dfm_residual_gaze_only,23,P25,crossfit_total_fixation_residual_dfm_surprisal_slope,0.5431372770113863,positive
D3_dfm_residual_gaze_only,23,P25,crossfit_total_fixation_residual_dfm_entropy_slope,1.0719051737790424,positive
D3_dfm_residual_gaze_only,23,P25,crossfit_skipping_residual_dfm_surprisal_slope,0.09185390269699287,positive
D3_dfm_residual_gaze_only,23,P25,crossfit_skipping_residual_dfm_entropy_slope,0.06833415034065794,positive
D3_dfm_residual_gaze_only,23,P25,crossfit_fixation_count_residual_dfm_surprisal_slope,0.6011379634855177,positive
D3_dfm_residual_gaze_only,23,P25,crossfit_fixation_count_residual_dfm_entropy_slope,-0.27510857436642605,negative
D3_dfm_residual_gaze_only,24,P26,crossfit_ffd_residual_dfm_surprisal_slope,-0.09641775617528239,negative
D3_dfm_residual_gaze_only,24,P26,crossfit_ffd_residual_dfm_entropy_slope,-0.6453015185423904,negative
D3_dfm_residual_gaze_only,24,P26,crossfit_first_pass_residual_dfm_surprisal_slope,0.02754066128254464,positive
D3_dfm_residual_gaze_only,24,P26,crossfit_first_pass_residual_dfm_entropy_slope,1.0086337451040646,positive
D3_dfm_residual_gaze_only,24,P26,crossfit_go_past_residual_dfm_surprisal_slope,0.893574033819857,positive
D3_dfm_residual_gaze_only,24,P26,crossfit_go_past_residual_dfm_entropy_slope,0.20326788428226059,positive
D3_dfm_residual_gaze_only,24,P26,crossfit_total_fixation_residual_dfm_surprisal_slope,0.4897906485886999,positive
D3_dfm_residual_gaze_only,24,P26,crossfit_total_fixation_residual_dfm_entropy_slope,1.0739914658200995,positive
D3_dfm_residual_gaze_only,24,P26,crossfit_skipping_residual_dfm_surprisal_slope,0.12411263861472835,positive
D3_dfm_residual_gaze_only,24,P26,crossfit_skipping_residual_dfm_entropy_slope,0.15879716102566088,positive
D3_dfm_residual_gaze_only,24,P26,crossfit_fixation_count_residual_dfm_surprisal_slope,0.5768785340829566,positive
D3_dfm_residual_gaze_only,24,P26,crossfit_fixation_count_residual_dfm_entropy_slope,-0.20429675784593898,negative
D3_dfm_residual_gaze_only,25,P27,crossfit_ffd_residual_dfm_surprisal_slope,-0.11446380310180934,negative
D3_dfm_residual_gaze_only,25,P27,crossfit_ffd_residual_dfm_entropy_slope,-0.6126698590348798,negative
D3_dfm_residual_gaze_only,25,P27,crossfit_first_pass_residual_dfm_surprisal_slope,0.07459898945709582,positive
D3_dfm_residual_gaze_only,25,P27,crossfit_first_pass_residual_dfm_entropy_slope,0.9980963309167626,positive
D3_dfm_residual_gaze_only,25,P27,crossfit_go_past_residual_dfm_surprisal_slope,0.9182900903781163,positive
D3_dfm_residual_gaze_only,25,P27,crossfit_go_past_residual_dfm_entropy_slope,0.1959393208724472,positive
D3_dfm_residual_gaze_only,25,P27,crossfit_total_fixation_residual_dfm_surprisal_slope,0.5743613425927564,positive
D3_dfm_residual_gaze_only,25,P27,crossfit_total_fixation_residual_dfm_entropy_slope,1.1037351636721533,positive
D3_dfm_residual_gaze_only,25,P27,crossfit_skipping_residual_dfm_surprisal_slope,0.12597283611057292,positive
D3_dfm_residual_gaze_only,25,P27,crossfit_skipping_residual_dfm_entropy_slope,0.151937871155498,positive
D3_dfm_residual_gaze_only,25,P27,crossfit_fixation_count_residual_dfm_surprisal_slope,0.6293715785542355,positive
D3_dfm_residual_gaze_only,25,P27,crossfit_fixation_count_residual_dfm_entropy_slope,-0.2044915821944259,negative
D3_dfm_residual_gaze_only,26,P28,crossfit_ffd_residual_dfm_surprisal_slope,0.061009658171769454,positive
D3_dfm_residual_gaze_only,26,P28,crossfit_ffd_residual_dfm_entropy_slope,-0.46688115281854337,negative
D3_dfm_residual_gaze_only,26,P28,crossfit_first_pass_residual_dfm_surprisal_slope,0.10067066616976439,positive
D3_dfm_residual_gaze_only,26,P28,crossfit_first_pass_residual_dfm_entropy_slope,0.8724300368411062,positive
D3_dfm_residual_gaze_only,26,P28,crossfit_go_past_residual_dfm_surprisal_slope,1.0117597122833042,positive
D3_dfm_residual_gaze_only,26,P28,crossfit_go_past_residual_dfm_entropy_slope,0.22067062652229774,positive
D3_dfm_residual_gaze_only,26,P28,crossfit_total_fixation_residual_dfm_surprisal_slope,0.4367888227318612,positive
D3_dfm_residual_gaze_only,26,P28,crossfit_total_fixation_residual_dfm_entropy_slope,1.1419220378758421,positive
D3_dfm_residual_gaze_only,26,P28,crossfit_skipping_residual_dfm_surprisal_slope,0.12128789097188919,positive
D3_dfm_residual_gaze_only,26,P28,crossfit_skipping_residual_dfm_entropy_slope,0.3236252358316238,positive
D3_dfm_residual_gaze_only,26,P28,crossfit_fixation_count_residual_dfm_surprisal_slope,0.8175950434004745,positive
D3_dfm_residual_gaze_only,26,P28,crossfit_fixation_count_residual_dfm_entropy_slope,-0.2545624054112088,negative
D3_dfm_residual_gaze_only,27,P29,crossfit_ffd_residual_dfm_surprisal_slope,-0.08407601204704258,negative
D3_dfm_residual_gaze_only,27,P29,crossfit_ffd_residual_dfm_entropy_slope,-0.6130611935876437,negative
D3_dfm_residual_gaze_only,27,P29,crossfit_first_pass_residual_dfm_surprisal_slope,0.13015513565868433,positive
D3_dfm_residual_gaze_only,27,P29,crossfit_first_pass_residual_dfm_entropy_slope,1.0424579776246599,positive
D3_dfm_residual_gaze_only,27,P29,crossfit_go_past_residual_dfm_surprisal_slope,0.8954391440936156,positive
D3_dfm_residual_gaze_only,27,P29,crossfit_go_past_residual_dfm_entropy_slope,0.18835908934093848,positive
D3_dfm_residual_gaze_only,27,P29,crossfit_total_fixation_residual_dfm_surprisal_slope,0.5838210663350453,positive
D3_dfm_residual_gaze_only,27,P29,crossfit_total_fixation_residual_dfm_entropy_slope,1.054361352287579,positive
D3_dfm_residual_gaze_only,27,P29,crossfit_skipping_residual_dfm_surprisal_slope,0.10335714739233705,positive
D3_dfm_residual_gaze_only,27,P29,crossfit_skipping_residual_dfm_entropy_slope,0.12134247289001485,positive
D3_dfm_residual_gaze_only,27,P29,crossfit_fixation_count_residual_dfm_surprisal_slope,0.6282425743872679,positive
D3_dfm_residual_gaze_only,27,P29,crossfit_fixation_count_residual_dfm_entropy_slope,-0.2568228625981729,negative
D3_dfm_residual_gaze_only,28,P30,crossfit_ffd_residual_dfm_surprisal_slope,-0.08272887590454647,negative
D3_dfm_residual_gaze_only,28,P30,crossfit_ffd_residual_dfm_entropy_slope,-0.5777933512834438,negative
D3_dfm_residual_gaze_only,28,P30,crossfit_first_pass_residual_dfm_surprisal_slope,0.14688154081446653,positive
D3_dfm_residual_gaze_only,28,P30,crossfit_first_pass_residual_dfm_entropy_slope,0.9460888070709559,positive
D3_dfm_residual_gaze_only,28,P30,crossfit_go_past_residual_dfm_surprisal_slope,0.8449320668178673,positive
D3_dfm_residual_gaze_only,28,P30,crossfit_go_past_residual_dfm_entropy_slope,0.17667344225910536,positive
D3_dfm_residual_gaze_only,28,P30,crossfit_total_fixation_residual_dfm_surprisal_slope,0.580957561213956,positive
D3_dfm_residual_gaze_only,28,P30,crossfit_total_fixation_residual_dfm_entropy_slope,1.1002214057473636,positive
D3_dfm_residual_gaze_only,28,P30,crossfit_skipping_residual_dfm_surprisal_slope,0.16312087466324354,positive
D3_dfm_residual_gaze_only,28,P30,crossfit_skipping_residual_dfm_entropy_slope,0.16345651810328554,positive
D3_dfm_residual_gaze_only,28,P30,crossfit_fixation_count_residual_dfm_surprisal_slope,0.6482194019756797,positive
D3_dfm_residual_gaze_only,28,P30,crossfit_fixation_count_residual_dfm_entropy_slope,-0.19614377664926919,negative
D3_dfm_residual_gaze_only,29,P31,crossfit_ffd_residual_dfm_surprisal_slope,-0.10934785604642734,negative
D3_dfm_residual_gaze_only,29,P31,crossfit_ffd_residual_dfm_entropy_slope,-0.6194336168879022,negative
D3_dfm_residual_gaze_only,29,P31,crossfit_first_pass_residual_dfm_surprisal_slope,0.08897716887146352,positive
D3_dfm_residual_gaze_only,29,P31,crossfit_first_pass_residual_dfm_entropy_slope,0.9883047463148769,positive
D3_dfm_residual_gaze_only,29,P31,crossfit_go_past_residual_dfm_surprisal_slope,0.9257714299170617,positive
D3_dfm_residual_gaze_only,29,P31,crossfit_go_past_residual_dfm_entropy_slope,0.19272920903355892,positive
D3_dfm_residual_gaze_only,29,P31,crossfit_total_fixation_residual_dfm_surprisal_slope,0.5788766042959359,positive
D3_dfm_residual_gaze_only,29,P31,crossfit_total_fixation_residual_dfm_entropy_slope,1.11098224628663,positive
D3_dfm_residual_gaze_only,29,P31,crossfit_skipping_residual_dfm_surprisal_slope,0.12483813926977559,positive
D3_dfm_residual_gaze_only,29,P31,crossfit_skipping_residual_dfm_entropy_slope,0.14092830918537005,positive
D3_dfm_residual_gaze_only,29,P31,crossfit_fixation_count_residual_dfm_surprisal_slope,0.623290375076034,positive
D3_dfm_residual_gaze_only,29,P31,crossfit_fixation_count_residual_dfm_entropy_slope,-0.21611904460735865,negative
D3_dfm_residual_gaze_only,30,P32,crossfit_ffd_residual_dfm_surprisal_slope,-0.10790344645758905,negative
D3_dfm_residual_gaze_only,30,P32,crossfit_ffd_residual_dfm_entropy_slope,-0.6683558468710173,negative
D3_dfm_residual_gaze_only,30,P32,crossfit_first_pass_residual_dfm_surprisal_slope,0.041197311341177316,positive
D3_dfm_residual_gaze_only,30,P32,crossfit_first_pass_residual_dfm_entropy_slope,0.9744731306323278,positive
D3_dfm_residual_gaze_only,30,P32,crossfit_go_past_residual_dfm_surprisal_slope,0.7511955475761563,positive
D3_dfm_residual_gaze_only,30,P32,crossfit_go_past_residual_dfm_entropy_slope,0.08138296476616495,positive
D3_dfm_residual_gaze_only,30,P32,crossfit_total_fixation_residual_dfm_surprisal_slope,0.5854912267255366,positive
D3_dfm_residual_gaze_only,30,P32,crossfit_total_fixation_residual_dfm_entropy_slope,1.2875117446296744,positive
D3_dfm_residual_gaze_only,30,P32,crossfit_skipping_residual_dfm_surprisal_slope,0.04499147553015553,positive
D3_dfm_residual_gaze_only,30,P32,crossfit_skipping_residual_dfm_entropy_slope,0.20579004003100312,positive
D3_dfm_residual_gaze_only,30,P32,crossfit_fixation_count_residual_dfm_surprisal_slope,0.8138770589556417,positive
D3_dfm_residual_gaze_only,30,P32,crossfit_fixation_count_residual_dfm_entropy_slope,-0.23452090313009763,negative
D3_dfm_residual_gaze_only,31,P33,crossfit_ffd_residual_dfm_surprisal_slope,-0.0968634554864598,negative
D3_dfm_residual_gaze_only,31,P33,crossfit_ffd_residual_dfm_entropy_slope,-0.5568456375199572,negative
D3_dfm_residual_gaze_only,31,P33,crossfit_first_pass_residual_dfm_surprisal_slope,0.12775473834038112,positive
D3_dfm_residual_gaze_only,31,P33,crossfit_first_pass_residual_dfm_entropy_slope,1.045709223835976,positive
D3_dfm_residual_gaze_only,31,P33,crossfit_go_past_residual_dfm_surprisal_slope,1.0365106906036958,positive
D3_dfm_residual_gaze_only,31,P33,crossfit_go_past_residual_dfm_entropy_slope,0.08136054765334276,positive
D3_dfm_residual_gaze_only,31,P33,crossfit_total_fixation_residual_dfm_surprisal_slope,0.5542185752731958,positive
D3_dfm_residual_gaze_only,31,P33,crossfit_total_fixation_residual_dfm_entropy_slope,1.147167775011871,positive
D3_dfm_residual_gaze_only,31,P33,crossfit_skipping_residual_dfm_surprisal_slope,0.11624433700301422,positive
D3_dfm_residual_gaze_only,31,P33,crossfit_skipping_residual_dfm_entropy_slope,0.2795896375050461,positive
D3_dfm_residual_gaze_only,31,P33,crossfit_fixation_count_residual_dfm_surprisal_slope,0.3363648019809523,positive
D3_dfm_residual_gaze_only,31,P33,crossfit_fixation_count_residual_dfm_entropy_slope,0.06109981446119487,positive
D3_dfm_residual_gaze_only,32,P34,crossfit_ffd_residual_dfm_surprisal_slope,-0.06608851772454061,negative
D3_dfm_residual_gaze_only,32,P34,crossfit_ffd_residual_dfm_entropy_slope,-0.6893015071731552,negative
D3_dfm_residual_gaze_only,32,P34,crossfit_first_pass_residual_dfm_surprisal_slope,0.09646869719556184,positive
D3_dfm_residual_gaze_only,32,P34,crossfit_first_pass_residual_dfm_entropy_slope,0.9731860610418264,positive
D3_dfm_residual_gaze_only,32,P34,crossfit_go_past_residual_dfm_surprisal_slope,0.9334018967967059,positive
D3_dfm_residual_gaze_only,32,P34,crossfit_go_past_residual_dfm_entropy_slope,0.2780373733201869,positive
D3_dfm_residual_gaze_only,32,P34,crossfit_total_fixation_residual_dfm_surprisal_slope,0.619862881631779,positive
D3_dfm_residual_gaze_only,32,P34,crossfit_total_fixation_residual_dfm_entropy_slope,1.095402693216595,positive
D3_dfm_residual_gaze_only,32,P34,crossfit_skipping_residual_dfm_surprisal_slope,0.12970136942098312,positive
D3_dfm_residual_gaze_only,32,P34,crossfit_skipping_residual_dfm_entropy_slope,0.13599993569538185,positive
D3_dfm_residual_gaze_only,32,P34,crossfit_fixation_count_residual_dfm_surprisal_slope,0.6261689397013722,positive
D3_dfm_residual_gaze_only,32,P34,crossfit_fixation_count_residual_dfm_entropy_slope,-0.1552805569755557,negative
D3_dfm_residual_gaze_only,33,P35,crossfit_ffd_residual_dfm_surprisal_slope,-0.4744948482538271,negative
D3_dfm_residual_gaze_only,33,P35,crossfit_ffd_residual_dfm_entropy_slope,-0.1854655278293083,negative
D3_dfm_residual_gaze_only,33,P35,crossfit_first_pass_residual_dfm_surprisal_slope,0.21031232473185069,positive
D3_dfm_residual_gaze_only,33,P35,crossfit_first_pass_residual_dfm_entropy_slope,1.1835240421718645,positive
D3_dfm_residual_gaze_only,33,P35,crossfit_go_past_residual_dfm_surprisal_slope,0.7684635640972455,positive
D3_dfm_residual_gaze_only,33,P35,crossfit_go_past_residual_dfm_entropy_slope,0.42799056666889135,positive
D3_dfm_residual_gaze_only,33,P35,crossfit_total_fixation_residual_dfm_surprisal_slope,0.8097383791067573,positive
D3_dfm_residual_gaze_only,33,P35,crossfit_total_fixation_residual_dfm_entropy_slope,0.7295912904851117,positive
D3_dfm_residual_gaze_only,33,P35,crossfit_skipping_residual_dfm_surprisal_slope,0.06975609965575319,positive
D3_dfm_residual_gaze_only,33,P35,crossfit_skipping_residual_dfm_entropy_slope,0.12094334323894933,positive
D3_dfm_residual_gaze_only,33,P35,crossfit_fixation_count_residual_dfm_surprisal_slope,0.7316350076927306,positive
D3_dfm_residual_gaze_only,33,P35,crossfit_fixation_count_residual_dfm_entropy_slope,-0.17374709230767676,negative
D3_dfm_residual_gaze_only,34,P36,crossfit_ffd_residual_dfm_surprisal_slope,-0.11610467137134821,negative
D3_dfm_residual_gaze_only,34,P36,crossfit_ffd_residual_dfm_entropy_slope,-0.6063083518561015,negative
D3_dfm_residual_gaze_only,34,P36,crossfit_first_pass_residual_dfm_surprisal_slope,0.0859267312709773,positive
D3_dfm_residual_gaze_only,34,P36,crossfit_first_pass_residual_dfm_entropy_slope,0.997275773204227,positive
D3_dfm_residual_gaze_only,34,P36,crossfit_go_past_residual_dfm_surprisal_slope,0.9313006110484128,positive
D3_dfm_residual_gaze_only,34,P36,crossfit_go_past_residual_dfm_entropy_slope,0.17018911299758577,positive
D3_dfm_residual_gaze_only,34,P36,crossfit_total_fixation_residual_dfm_surprisal_slope,0.5835982334850234,positive
D3_dfm_residual_gaze_only,34,P36,crossfit_total_fixation_residual_dfm_entropy_slope,1.1143569228350216,positive
D3_dfm_residual_gaze_only,34,P36,crossfit_skipping_residual_dfm_surprisal_slope,0.1170899216658511,positive
D3_dfm_residual_gaze_only,34,P36,crossfit_skipping_residual_dfm_entropy_slope,0.13781726612276318,positive
D3_dfm_residual_gaze_only,34,P36,crossfit_fixation_count_residual_dfm_surprisal_slope,0.6054044329605679,positive
D3_dfm_residual_gaze_only,34,P36,crossfit_fixation_count_residual_dfm_entropy_slope,-0.2206783945038596,negative
D3_dfm_residual_gaze_only,35,P37,crossfit_ffd_residual_dfm_surprisal_slope,-0.27694281466840553,negative
D3_dfm_residual_gaze_only,35,P37,crossfit_ffd_residual_dfm_entropy_slope,-0.6043973038237926,negative
D3_dfm_residual_gaze_only,35,P37,crossfit_first_pass_residual_dfm_surprisal_slope,0.057047207651469346,positive
D3_dfm_residual_gaze_only,35,P37,crossfit_first_pass_residual_dfm_entropy_slope,0.9141922700379007,positive
D3_dfm_residual_gaze_only,35,P37,crossfit_go_past_residual_dfm_surprisal_slope,1.0585550365850647,positive
D3_dfm_residual_gaze_only,35,P37,crossfit_go_past_residual_dfm_entropy_slope,0.0469966478826761,positive
D3_dfm_residual_gaze_only,35,P37,crossfit_total_fixation_residual_dfm_surprisal_slope,0.8768614016806159,positive
D3_dfm_residual_gaze_only,35,P37,crossfit_total_fixation_residual_dfm_entropy_slope,1.1063239017065272,positive
D3_dfm_residual_gaze_only,35,P37,crossfit_skipping_residual_dfm_surprisal_slope,0.28840433209609445,positive
D3_dfm_residual_gaze_only,35,P37,crossfit_skipping_residual_dfm_entropy_slope,0.299806154853542,positive
D3_dfm_residual_gaze_only,35,P37,crossfit_fixation_count_residual_dfm_surprisal_slope,0.5612212416297643,positive
D3_dfm_residual_gaze_only,35,P37,crossfit_fixation_count_residual_dfm_entropy_slope,-0.032416880437694376,negative
D3_dfm_residual_gaze_only,36,P38,crossfit_ffd_residual_dfm_surprisal_slope,-0.09770760094470779,negative
D3_dfm_residual_gaze_only,36,P38,crossfit_ffd_residual_dfm_entropy_slope,-0.6385594318594257,negative
D3_dfm_residual_gaze_only,36,P38,crossfit_first_pass_residual_dfm_surprisal_slope,0.09517128688768928,positive
D3_dfm_residual_gaze_only,36,P38,crossfit_first_pass_residual_dfm_entropy_slope,1.0134587516598397,positive
D3_dfm_residual_gaze_only,36,P38,crossfit_go_past_residual_dfm_surprisal_slope,0.9214728727050935,positive
D3_dfm_residual_gaze_only,36,P38,crossfit_go_past_residual_dfm_entropy_slope,0.20760353367393747,positive
D3_dfm_residual_gaze_only,36,P38,crossfit_total_fixation_residual_dfm_surprisal_slope,0.5940600643712471,positive
D3_dfm_residual_gaze_only,36,P38,crossfit_total_fixation_residual_dfm_entropy_slope,1.0388949363262252,positive
D3_dfm_residual_gaze_only,36,P38,crossfit_skipping_residual_dfm_surprisal_slope,0.0665187802599351,positive
D3_dfm_residual_gaze_only,36,P38,crossfit_skipping_residual_dfm_entropy_slope,0.16648428826601613,positive
D3_dfm_residual_gaze_only,36,P38,crossfit_fixation_count_residual_dfm_surprisal_slope,0.6835025916390294,positive
D3_dfm_residual_gaze_only,36,P38,crossfit_fixation_count_residual_dfm_entropy_slope,-0.16741742687057473,negative
D3_dfm_residual_gaze_only,37,P39,crossfit_ffd_residual_dfm_surprisal_slope,-0.11553356409003214,negative
D3_dfm_residual_gaze_only,37,P39,crossfit_ffd_residual_dfm_entropy_slope,-0.6245550466790798,negative
D3_dfm_residual_gaze_only,37,P39,crossfit_first_pass_residual_dfm_surprisal_slope,0.06381177418713344,positive
D3_dfm_residual_gaze_only,37,P39,crossfit_first_pass_residual_dfm_entropy_slope,1.0127339053161206,positive
D3_dfm_residual_gaze_only,37,P39,crossfit_go_past_residual_dfm_surprisal_slope,0.9170894669677246,positive
D3_dfm_residual_gaze_only,37,P39,crossfit_go_past_residual_dfm_entropy_slope,0.192603304712695,positive
D3_dfm_residual_gaze_only,37,P39,crossfit_total_fixation_residual_dfm_surprisal_slope,0.5590425253168132,positive
D3_dfm_residual_gaze_only,37,P39,crossfit_total_fixation_residual_dfm_entropy_slope,1.106078096506234,positive
D3_dfm_residual_gaze_only,37,P39,crossfit_skipping_residual_dfm_surprisal_slope,0.13984199500346586,positive
D3_dfm_residual_gaze_only,37,P39,crossfit_skipping_residual_dfm_entropy_slope,0.14851695258983424,positive
D3_dfm_residual_gaze_only,37,P39,crossfit_fixation_count_residual_dfm_surprisal_slope,0.6373362932112668,positive
D3_dfm_residual_gaze_only,37,P39,crossfit_fixation_count_residual_dfm_entropy_slope,-0.21362261052509057,negative
D3_dfm_residual_gaze_only,38,P40,crossfit_ffd_residual_dfm_surprisal_slope,-0.11391114391778454,negative
D3_dfm_residual_gaze_only,38,P40,crossfit_ffd_residual_dfm_entropy_slope,-0.621669231139514,negative
D3_dfm_residual_gaze_only,38,P40,crossfit_first_pass_residual_dfm_surprisal_slope,0.09095607212343464,positive
D3_dfm_residual_gaze_only,38,P40,crossfit_first_pass_residual_dfm_entropy_slope,0.979988408043839,positive
D3_dfm_residual_gaze_only,38,P40,crossfit_go_past_residual_dfm_surprisal_slope,0.9347609454768118,positive
D3_dfm_residual_gaze_only,38,P40,crossfit_go_past_residual_dfm_entropy_slope,0.13626097081354457,positive
D3_dfm_residual_gaze_only,38,P40,crossfit_total_fixation_residual_dfm_surprisal_slope,0.5858519022365282,positive
D3_dfm_residual_gaze_only,38,P40,crossfit_total_fixation_residual_dfm_entropy_slope,1.0860568530672863,positive
D3_dfm_residual_gaze_only,38,P40,crossfit_skipping_residual_dfm_surprisal_slope,0.12569020965168615,positive
D3_dfm_residual_gaze_only,38,P40,crossfit_skipping_residual_dfm_entropy_slope,0.14468810578318453,positive
D3_dfm_residual_gaze_only,38,P40,crossfit_fixation_count_residual_dfm_surprisal_slope,0.6441336402832101,positive
D3_dfm_residual_gaze_only,38,P40,crossfit_fixation_count_residual_dfm_entropy_slope,-0.2140693515042309,negative
D3_dfm_residual_gaze_only,39,P41,crossfit_ffd_residual_dfm_surprisal_slope,-0.161862101040557,negative
D3_dfm_residual_gaze_only,39,P41,crossfit_ffd_residual_dfm_entropy_slope,-0.6105033585761468,negative
D3_dfm_residual_gaze_only,39,P41,crossfit_first_pass_residual_dfm_surprisal_slope,0.0844348868577841,positive
D3_dfm_residual_gaze_only,39,P41,crossfit_first_pass_residual_dfm_entropy_slope,1.0013785678366998,positive
D3_dfm_residual_gaze_only,39,P41,crossfit_go_past_residual_dfm_surprisal_slope,0.9085685118118492,positive
D3_dfm_residual_gaze_only,39,P41,crossfit_go_past_residual_dfm_entropy_slope,0.18399778526350855,positive
D3_dfm_residual_gaze_only,39,P41,crossfit_total_fixation_residual_dfm_surprisal_slope,0.5465502176662888,positive
D3_dfm_residual_gaze_only,39,P41,crossfit_total_fixation_residual_dfm_entropy_slope,1.0943273071623056,positive
D3_dfm_residual_gaze_only,39,P41,crossfit_skipping_residual_dfm_surprisal_slope,0.0971392584742091,positive
D3_dfm_residual_gaze_only,39,P41,crossfit_skipping_residual_dfm_entropy_slope,0.10093763918138351,positive
D3_dfm_residual_gaze_only,39,P41,crossfit_fixation_count_residual_dfm_surprisal_slope,0.6315647532272529,positive
D3_dfm_residual_gaze_only,39,P41,crossfit_fixation_count_residual_dfm_entropy_slope,-0.20088739699444352,negative
D3_dfm_residual_gaze_only,40,P42,crossfit_ffd_residual_dfm_surprisal_slope,-0.13002465086238343,negative
D3_dfm_residual_gaze_only,40,P42,crossfit_ffd_residual_dfm_entropy_slope,-0.5925614581521342,negative
D3_dfm_residual_gaze_only,40,P42,crossfit_first_pass_residual_dfm_surprisal_slope,0.07978717079909574,positive
D3_dfm_residual_gaze_only,40,P42,crossfit_first_pass_residual_dfm_entropy_slope,0.9895942797558629,positive
D3_dfm_residual_gaze_only,40,P42,crossfit_go_past_residual_dfm_surprisal_slope,0.9157637560393089,positive
D3_dfm_residual_gaze_only,40,P42,crossfit_go_past_residual_dfm_entropy_slope,0.18855827894406146,positive
D3_dfm_residual_gaze_only,40,P42,crossfit_total_fixation_residual_dfm_surprisal_slope,0.5985282290044187,positive
D3_dfm_residual_gaze_only,40,P42,crossfit_total_fixation_residual_dfm_entropy_slope,1.0792788683276389,positive
D3_dfm_residual_gaze_only,40,P42,crossfit_skipping_residual_dfm_surprisal_slope,0.1334772970518708,positive
D3_dfm_residual_gaze_only,40,P42,crossfit_skipping_residual_dfm_entropy_slope,0.1669432623317084,positive
D3_dfm_residual_gaze_only,40,P42,crossfit_fixation_count_residual_dfm_surprisal_slope,0.6415746334275252,positive
D3_dfm_residual_gaze_only,40,P42,crossfit_fixation_count_residual_dfm_entropy_slope,-0.1931568771047969,negative
D3_dfm_residual_gaze_only,41,P43,crossfit_ffd_residual_dfm_surprisal_slope,-0.12493564457585438,negative
D3_dfm_residual_gaze_only,41,P43,crossfit_ffd_residual_dfm_entropy_slope,-0.5892264556965946,negative
D3_dfm_residual_gaze_only,41,P43,crossfit_first_pass_residual_dfm_surprisal_slope,0.0666384540896735,positive
D3_dfm_residual_gaze_only,41,P43,crossfit_first_pass_residual_dfm_entropy_slope,0.9925689884472273,positive
D3_dfm_residual_gaze_only,41,P43,crossfit_go_past_residual_dfm_surprisal_slope,0.8994427970543655,positive
D3_dfm_residual_gaze_only,41,P43,crossfit_go_past_residual_dfm_entropy_slope,0.17165875658331944,positive
D3_dfm_residual_gaze_only,41,P43,crossfit_total_fixation_residual_dfm_surprisal_slope,0.5912715056151632,positive
D3_dfm_residual_gaze_only,41,P43,crossfit_total_fixation_residual_dfm_entropy_slope,1.0930397405212071,positive
D3_dfm_residual_gaze_only,41,P43,crossfit_skipping_residual_dfm_surprisal_slope,0.1408224513391615,positive
D3_dfm_residual_gaze_only,41,P43,crossfit_skipping_residual_dfm_entropy_slope,0.16399087578682506,positive
D3_dfm_residual_gaze_only,41,P43,crossfit_fixation_count_residual_dfm_surprisal_slope,0.6497462838320935,positive
D3_dfm_residual_gaze_only,41,P43,crossfit_fixation_count_residual_dfm_entropy_slope,-0.19155941642613258,negative
D3_dfm_residual_gaze_only,42,P44,crossfit_ffd_residual_dfm_surprisal_slope,0.026383768860425576,positive
D3_dfm_residual_gaze_only,42,P44,crossfit_ffd_residual_dfm_entropy_slope,-0.43155851370883525,negative
D3_dfm_residual_gaze_only,42,P44,crossfit_first_pass_residual_dfm_surprisal_slope,-0.014398825856001468,negative
D3_dfm_residual_gaze_only,42,P44,crossfit_first_pass_residual_dfm_entropy_slope,1.057833108999728,positive
D3_dfm_residual_gaze_only,42,P44,crossfit_go_past_residual_dfm_surprisal_slope,0.9278599069845048,positive
D3_dfm_residual_gaze_only,42,P44,crossfit_go_past_residual_dfm_entropy_slope,0.10218848198703655,positive
D3_dfm_residual_gaze_only,42,P44,crossfit_total_fixation_residual_dfm_surprisal_slope,0.6337554637154105,positive
D3_dfm_residual_gaze_only,42,P44,crossfit_total_fixation_residual_dfm_entropy_slope,1.016049282985989,positive
D3_dfm_residual_gaze_only,42,P44,crossfit_skipping_residual_dfm_surprisal_slope,0.19209777125434577,positive
D3_dfm_residual_gaze_only,42,P44,crossfit_skipping_residual_dfm_entropy_slope,0.05912667349269888,positive
D3_dfm_residual_gaze_only,42,P44,crossfit_fixation_count_residual_dfm_surprisal_slope,0.7069487699643032,positive
D3_dfm_residual_gaze_only,42,P44,crossfit_fixation_count_residual_dfm_entropy_slope,-0.1595055413263464,negative
D3_dfm_residual_gaze_only,43,P45,crossfit_ffd_residual_dfm_surprisal_slope,-0.13841711436299525,negative
D3_dfm_residual_gaze_only,43,P45,crossfit_ffd_residual_dfm_entropy_slope,-0.6002166240815255,negative
D3_dfm_residual_gaze_only,43,P45,crossfit_first_pass_residual_dfm_surprisal_slope,0.1250815796176089,positive
D3_dfm_residual_gaze_only,43,P45,crossfit_first_pass_residual_dfm_entropy_slope,0.969285818869274,positive
D3_dfm_residual_gaze_only,43,P45,crossfit_go_past_residual_dfm_surprisal_slope,0.9197327740072365,positive
D3_dfm_residual_gaze_only,43,P45,crossfit_go_past_residual_dfm_entropy_slope,0.191011965087657,positive
D3_dfm_residual_gaze_only,43,P45,crossfit_total_fixation_residual_dfm_surprisal_slope,0.5846429066055091,positive
D3_dfm_residual_gaze_only,43,P45,crossfit_total_fixation_residual_dfm_entropy_slope,1.0730718686086347,positive
D3_dfm_residual_gaze_only,43,P45,crossfit_skipping_residual_dfm_surprisal_slope,0.13542024988626122,positive
D3_dfm_residual_gaze_only,43,P45,crossfit_skipping_residual_dfm_entropy_slope,0.1459443837485067,positive
D3_dfm_residual_gaze_only,43,P45,crossfit_fixation_count_residual_dfm_surprisal_slope,0.6243376412405357,positive
D3_dfm_residual_gaze_only,43,P45,crossfit_fixation_count_residual_dfm_entropy_slope,-0.18980808189300943,negative
D3_dfm_residual_gaze_only,44,P46,crossfit_ffd_residual_dfm_surprisal_slope,-0.12748760094531844,negative
D3_dfm_residual_gaze_only,44,P46,crossfit_ffd_residual_dfm_entropy_slope,-0.5726444271831428,negative
D3_dfm_residual_gaze_only,44,P46,crossfit_first_pass_residual_dfm_surprisal_slope,0.08676924704041744,positive
D3_dfm_residual_gaze_only,44,P46,crossfit_first_pass_residual_dfm_entropy_slope,0.9604386534202946,positive
D3_dfm_residual_gaze_only,44,P46,crossfit_go_past_residual_dfm_surprisal_slope,0.9052055262114831,positive
D3_dfm_residual_gaze_only,44,P46,crossfit_go_past_residual_dfm_entropy_slope,0.19936290814522764,positive
D3_dfm_residual_gaze_only,44,P46,crossfit_total_fixation_residual_dfm_surprisal_slope,0.6060415278889411,positive
D3_dfm_residual_gaze_only,44,P46,crossfit_total_fixation_residual_dfm_entropy_slope,1.0948531007501447,positive
D3_dfm_residual_gaze_only,44,P46,crossfit_skipping_residual_dfm_surprisal_slope,0.12725849043901494,positive
D3_dfm_residual_gaze_only,44,P46,crossfit_skipping_residual_dfm_entropy_slope,0.1815058286205965,positive
D3_dfm_residual_gaze_only,44,P46,crossfit_fixation_count_residual_dfm_surprisal_slope,0.6372362677422844,positive
D3_dfm_residual_gaze_only,44,P46,crossfit_fixation_count_residual_dfm_entropy_slope,-0.1918342836610848,negative
D3_dfm_residual_gaze_only,45,P47,crossfit_ffd_residual_dfm_surprisal_slope,-0.1319911423520119,negative
D3_dfm_residual_gaze_only,45,P47,crossfit_ffd_residual_dfm_entropy_slope,-0.5952985836663961,negative
D3_dfm_residual_gaze_only,45,P47,crossfit_first_pass_residual_dfm_surprisal_slope,0.08361100298306696,positive
D3_dfm_residual_gaze_only,45,P47,crossfit_first_pass_residual_dfm_entropy_slope,0.9864360662175913,positive
D3_dfm_residual_gaze_only,45,P47,crossfit_go_past_residual_dfm_surprisal_slope,0.9173478359005239,positive
D3_dfm_residual_gaze_only,45,P47,crossfit_go_past_residual_dfm_entropy_slope,0.18888179198501678,positive
D3_dfm_residual_gaze_only,45,P47,crossfit_total_fixation_residual_dfm_surprisal_slope,0.594665678891775,positive
D3_dfm_residual_gaze_only,45,P47,crossfit_total_fixation_residual_dfm_entropy_slope,1.0861136541101186,positive
D3_dfm_residual_gaze_only,45,P47,crossfit_skipping_residual_dfm_surprisal_slope,0.1309469800567691,positive
D3_dfm_residual_gaze_only,45,P47,crossfit_skipping_residual_dfm_entropy_slope,0.16366947209916755,positive
D3_dfm_residual_gaze_only,45,P47,crossfit_fixation_count_residual_dfm_surprisal_slope,0.6387344115705943,positive
D3_dfm_residual_gaze_only,45,P47,crossfit_fixation_count_residual_dfm_entropy_slope,-0.1968656240906388,negative
D3_dfm_residual_gaze_only,46,P48,crossfit_ffd_residual_dfm_surprisal_slope,-0.12822680697490027,negative
D3_dfm_residual_gaze_only,46,P48,crossfit_ffd_residual_dfm_entropy_slope,-0.5979603791869561,negative
D3_dfm_residual_gaze_only,46,P48,crossfit_first_pass_residual_dfm_surprisal_slope,0.07582302368553584,positive
D3_dfm_residual_gaze_only,46,P48,crossfit_first_pass_residual_dfm_entropy_slope,0.9924105796585978,positive
D3_dfm_residual_gaze_only,46,P48,crossfit_go_past_residual_dfm_surprisal_slope,0.9157605043624873,positive
D3_dfm_residual_gaze_only,46,P48,crossfit_go_past_residual_dfm_entropy_slope,0.19814850901427114,positive
D3_dfm_residual_gaze_only,46,P48,crossfit_total_fixation_residual_dfm_surprisal_slope,0.5868142922218981,positive
D3_dfm_residual_gaze_only,46,P48,crossfit_total_fixation_residual_dfm_entropy_slope,1.0838683910039146,positive
D3_dfm_residual_gaze_only,46,P48,crossfit_skipping_residual_dfm_surprisal_slope,0.13283178155885125,positive
D3_dfm_residual_gaze_only,46,P48,crossfit_skipping_residual_dfm_entropy_slope,0.15842738141086496,positive
D3_dfm_residual_gaze_only,46,P48,crossfit_fixation_count_residual_dfm_surprisal_slope,0.6372129962153371,positive
D3_dfm_residual_gaze_only,46,P48,crossfit_fixation_count_residual_dfm_entropy_slope,-0.19700384616755343,negative
D3_dfm_residual_gaze_only,47,P49,crossfit_ffd_residual_dfm_surprisal_slope,-0.09612038865721466,negative
D3_dfm_residual_gaze_only,47,P49,crossfit_ffd_residual_dfm_entropy_slope,-0.6119940189169613,negative
D3_dfm_residual_gaze_only,47,P49,crossfit_first_pass_residual_dfm_surprisal_slope,0.13173364350912245,positive
D3_dfm_residual_gaze_only,47,P49,crossfit_first_pass_residual_dfm_entropy_slope,0.9819069006279626,positive
D3_dfm_residual_gaze_only,47,P49,crossfit_go_past_residual_dfm_surprisal_slope,0.8964442192169061,positive
D3_dfm_residual_gaze_only,47,P49,crossfit_go_past_residual_dfm_entropy_slope,0.20794402779363766,positive
D3_dfm_residual_gaze_only,47,P49,crossfit_total_fixation_residual_dfm_surprisal_slope,0.5893426380364537,positive
D3_dfm_residual_gaze_only,47,P49,crossfit_total_fixation_residual_dfm_entropy_slope,1.0623105728335123,positive
D3_dfm_residual_gaze_only,47,P49,crossfit_skipping_residual_dfm_surprisal_slope,0.13734040620612967,positive
D3_dfm_residual_gaze_only,47,P49,crossfit_skipping_residual_dfm_entropy_slope,0.15599288790143484,positive
D3_dfm_residual_gaze_only,47,P49,crossfit_fixation_count_residual_dfm_surprisal_slope,0.6626995444573659,positive
D3_dfm_residual_gaze_only,47,P49,crossfit_fixation_count_residual_dfm_entropy_slope,-0.21079655105516854,negative
D3_dfm_residual_gaze_only,48,P50,crossfit_ffd_residual_dfm_surprisal_slope,-0.10293501379510389,negative
D3_dfm_residual_gaze_only,48,P50,crossfit_ffd_residual_dfm_entropy_slope,-0.6022111885654094,negative
D3_dfm_residual_gaze_only,48,P50,crossfit_first_pass_residual_dfm_surprisal_slope,0.11386517348033727,positive
D3_dfm_residual_gaze_only,48,P50,crossfit_first_pass_residual_dfm_entropy_slope,0.9780135731857029,positive
D3_dfm_residual_gaze_only,48,P50,crossfit_go_past_residual_dfm_surprisal_slope,0.9212868026414869,positive
D3_dfm_residual_gaze_only,48,P50,crossfit_go_past_residual_dfm_entropy_slope,0.16134900160635735,positive
D3_dfm_residual_gaze_only,48,P50,crossfit_total_fixation_residual_dfm_surprisal_slope,0.5773485806921226,positive
D3_dfm_residual_gaze_only,48,P50,crossfit_total_fixation_residual_dfm_entropy_slope,1.0879098634492326,positive
D3_dfm_residual_gaze_only,48,P50,crossfit_skipping_residual_dfm_surprisal_slope,0.15912809132871153,positive
D3_dfm_residual_gaze_only,48,P50,crossfit_skipping_residual_dfm_entropy_slope,0.15090092820856774,positive
D3_dfm_residual_gaze_only,48,P50,crossfit_fixation_count_residual_dfm_surprisal_slope,0.6296784240062244,positive
D3_dfm_residual_gaze_only,48,P50,crossfit_fixation_count_residual_dfm_entropy_slope,-0.19227668585628224,negative
D3_dfm_residual_gaze_only,49,P51,crossfit_ffd_residual_dfm_surprisal_slope,-0.12451841599589554,negative
D3_dfm_residual_gaze_only,49,P51,crossfit_ffd_residual_dfm_entropy_slope,-0.5721460957617867,negative
D3_dfm_residual_gaze_only,49,P51,crossfit_first_pass_residual_dfm_surprisal_slope,0.09743094858558056,positive
D3_dfm_residual_gaze_only,49,P51,crossfit_first_pass_residual_dfm_entropy_slope,0.9766069026083694,positive
D3_dfm_residual_gaze_only,49,P51,crossfit_go_past_residual_dfm_surprisal_slope,0.917396253306594,positive
D3_dfm_residual_gaze_only,49,P51,crossfit_go_past_residual_dfm_entropy_slope,0.199645026681624,positive
D3_dfm_residual_gaze_only,49,P51,crossfit_total_fixation_residual_dfm_surprisal_slope,0.5857025394788439,positive
D3_dfm_residual_gaze_only,49,P51,crossfit_total_fixation_residual_dfm_entropy_slope,1.083503764523559,positive
D3_dfm_residual_gaze_only,49,P51,crossfit_skipping_residual_dfm_surprisal_slope,0.13775647904979074,positive
D3_dfm_residual_gaze_only,49,P51,crossfit_skipping_residual_dfm_entropy_slope,0.1562658476655563,positive
D3_dfm_residual_gaze_only,49,P51,crossfit_fixation_count_residual_dfm_surprisal_slope,0.6391473634336996,positive
D3_dfm_residual_gaze_only,49,P51,crossfit_fixation_count_residual_dfm_entropy_slope,-0.19178347381494812,negative
D3_dfm_residual_gaze_only,50,P52,crossfit_ffd_residual_dfm_surprisal_slope,-0.15390953849061237,negative
D3_dfm_residual_gaze_only,50,P52,crossfit_ffd_residual_dfm_entropy_slope,-0.5923743683838891,negative
D3_dfm_residual_gaze_only,50,P52,crossfit_first_pass_residual_dfm_surprisal_slope,0.13175613727183816,positive
D3_dfm_residual_gaze_only,50,P52,crossfit_first_pass_residual_dfm_entropy_slope,0.9605115827776578,positive
D3_dfm_residual_gaze_only,50,P52,crossfit_go_past_residual_dfm_surprisal_slope,0.8769232580786912,positive
D3_dfm_residual_gaze_only,50,P52,crossfit_go_past_residual_dfm_entropy_slope,0.19576155318415314,positive
D3_dfm_residual_gaze_only,50,P52,crossfit_total_fixation_residual_dfm_surprisal_slope,0.5777996527355104,positive
D3_dfm_residual_gaze_only,50,P52,crossfit_total_fixation_residual_dfm_entropy_slope,1.1404450979312475,positive
D3_dfm_residual_gaze_only,50,P52,crossfit_skipping_residual_dfm_surprisal_slope,0.08588068653914151,positive
D3_dfm_residual_gaze_only,50,P52,crossfit_skipping_residual_dfm_entropy_slope,0.0971651693262164,positive
D3_dfm_residual_gaze_only,50,P52,crossfit_fixation_count_residual_dfm_surprisal_slope,0.657412380740205,positive
D3_dfm_residual_gaze_only,50,P52,crossfit_fixation_count_residual_dfm_entropy_slope,-0.1615487921034618,negative
D3_dfm_residual_gaze_only,51,P53,crossfit_ffd_residual_dfm_surprisal_slope,-0.12258732181894468,negative
D3_dfm_residual_gaze_only,51,P53,crossfit_ffd_residual_dfm_entropy_slope,-0.6108371666588541,negative
D3_dfm_residual_gaze_only,51,P53,crossfit_first_pass_residual_dfm_surprisal_slope,0.09353032427350931,positive
D3_dfm_residual_gaze_only,51,P53,crossfit_first_pass_residual_dfm_entropy_slope,0.9841517704719869,positive
D3_dfm_residual_gaze_only,51,P53,crossfit_go_past_residual_dfm_surprisal_slope,0.9042633649668482,positive
D3_dfm_residual_gaze_only,51,P53,crossfit_go_past_residual_dfm_entropy_slope,0.2228683213221214,positive
D3_dfm_residual_gaze_only,51,P53,crossfit_total_fixation_residual_dfm_surprisal_slope,0.5819266837391075,positive
D3_dfm_residual_gaze_only,51,P53,crossfit_total_fixation_residual_dfm_entropy_slope,1.092300737911938,positive
D3_dfm_residual_gaze_only,51,P53,crossfit_skipping_residual_dfm_surprisal_slope,0.14119801886423033,positive
D3_dfm_residual_gaze_only,51,P53,crossfit_skipping_residual_dfm_entropy_slope,0.17415340633450885,positive
D3_dfm_residual_gaze_only,51,P53,crossfit_fixation_count_residual_dfm_surprisal_slope,0.6379263677773525,positive
D3_dfm_residual_gaze_only,51,P53,crossfit_fixation_count_residual_dfm_entropy_slope,-0.19438752454447303,negative
D3_dfm_residual_gaze_only,52,P54,crossfit_ffd_residual_dfm_surprisal_slope,0.00941275743447603,positive
D3_dfm_residual_gaze_only,52,P54,crossfit_ffd_residual_dfm_entropy_slope,-0.6289833923938952,negative
D3_dfm_residual_gaze_only,52,P54,crossfit_first_pass_residual_dfm_surprisal_slope,0.21492940974154648,positive
D3_dfm_residual_gaze_only,52,P54,crossfit_first_pass_residual_dfm_entropy_slope,1.023756005808344,positive
D3_dfm_residual_gaze_only,52,P54,crossfit_go_past_residual_dfm_surprisal_slope,0.8780372190334251,positive
D3_dfm_residual_gaze_only,52,P54,crossfit_go_past_residual_dfm_entropy_slope,0.14016616947058685,positive
D3_dfm_residual_gaze_only,52,P54,crossfit_total_fixation_residual_dfm_surprisal_slope,0.7263974029331369,positive
D3_dfm_residual_gaze_only,52,P54,crossfit_total_fixation_residual_dfm_entropy_slope,1.2373017307798186,positive
D3_dfm_residual_gaze_only,52,P54,crossfit_skipping_residual_dfm_surprisal_slope,0.22738148341022169,positive
D3_dfm_residual_gaze_only,52,P54,crossfit_skipping_residual_dfm_entropy_slope,0.05830311732450166,positive
D3_dfm_residual_gaze_only,52,P54,crossfit_fixation_count_residual_dfm_surprisal_slope,0.7328793242878743,positive
D3_dfm_residual_gaze_only,52,P54,crossfit_fixation_count_residual_dfm_entropy_slope,-0.010016337814810641,negative
D3_dfm_residual_gaze_only,53,P55,crossfit_ffd_residual_dfm_surprisal_slope,-0.07420344605017828,negative
D3_dfm_residual_gaze_only,53,P55,crossfit_ffd_residual_dfm_entropy_slope,-0.6249540513380383,negative
D3_dfm_residual_gaze_only,53,P55,crossfit_first_pass_residual_dfm_surprisal_slope,0.08262770006478415,positive
D3_dfm_residual_gaze_only,53,P55,crossfit_first_pass_residual_dfm_entropy_slope,0.9480554022329317,positive
D3_dfm_residual_gaze_only,53,P55,crossfit_go_past_residual_dfm_surprisal_slope,0.9169418091865629,positive
D3_dfm_residual_gaze_only,53,P55,crossfit_go_past_residual_dfm_entropy_slope,0.19090488287710639,positive
D3_dfm_residual_gaze_only,53,P55,crossfit_total_fixation_residual_dfm_surprisal_slope,0.6382095500286176,positive
D3_dfm_residual_gaze_only,53,P55,crossfit_total_fixation_residual_dfm_entropy_slope,1.0679581168392558,positive
D3_dfm_residual_gaze_only,53,P55,crossfit_skipping_residual_dfm_surprisal_slope,0.17082559287031693,positive
D3_dfm_residual_gaze_only,53,P55,crossfit_skipping_residual_dfm_entropy_slope,0.14889765069345093,positive
D3_dfm_residual_gaze_only,53,P55,crossfit_fixation_count_residual_dfm_surprisal_slope,0.6203279146610102,positive
D3_dfm_residual_gaze_only,53,P55,crossfit_fixation_count_residual_dfm_entropy_slope,-0.22325407536178987,negative
D3_dfm_residual_gaze_only,54,P56,crossfit_ffd_residual_dfm_surprisal_slope,-0.1502357817997589,negative
D3_dfm_residual_gaze_only,54,P56,crossfit_ffd_residual_dfm_entropy_slope,-0.5378096077657796,negative
D3_dfm_residual_gaze_only,54,P56,crossfit_first_pass_residual_dfm_surprisal_slope,0.21222955012447062,positive
D3_dfm_residual_gaze_only,54,P56,crossfit_first_pass_residual_dfm_entropy_slope,0.9807155096631512,positive
D3_dfm_residual_gaze_only,54,P56,crossfit_go_past_residual_dfm_surprisal_slope,0.8294882314525416,positive
D3_dfm_residual_gaze_only,54,P56,crossfit_go_past_residual_dfm_entropy_slope,0.20061005767737786,positive
D3_dfm_residual_gaze_only,54,P56,crossfit_total_fixation_residual_dfm_surprisal_slope,0.5795054228669143,positive
D3_dfm_residual_gaze_only,54,P56,crossfit_total_fixation_residual_dfm_entropy_slope,1.0958247165919313,positive
D3_dfm_residual_gaze_only,54,P56,crossfit_skipping_residual_dfm_surprisal_slope,0.1006698548212746,positive
D3_dfm_residual_gaze_only,54,P56,crossfit_skipping_residual_dfm_entropy_slope,0.15394169877680722,positive
D3_dfm_residual_gaze_only,54,P56,crossfit_fixation_count_residual_dfm_surprisal_slope,0.6459050464631247,positive
D3_dfm_residual_gaze_only,54,P56,crossfit_fixation_count_residual_dfm_entropy_slope,-0.18385213750352755,negative
D3_dfm_residual_gaze_only,55,P57,crossfit_ffd_residual_dfm_surprisal_slope,-0.12345717819159469,negative
D3_dfm_residual_gaze_only,55,P57,crossfit_ffd_residual_dfm_entropy_slope,-0.6472920441431345,negative
D3_dfm_residual_gaze_only,55,P57,crossfit_first_pass_residual_dfm_surprisal_slope,0.10153794416463503,positive
D3_dfm_residual_gaze_only,55,P57,crossfit_first_pass_residual_dfm_entropy_slope,0.9553746998849009,positive
D3_dfm_residual_gaze_only,55,P57,crossfit_go_past_residual_dfm_surprisal_slope,0.9269855302541208,positive
D3_dfm_residual_gaze_only,55,P57,crossfit_go_past_residual_dfm_entropy_slope,0.16294697405916664,positive
D3_dfm_residual_gaze_only,55,P57,crossfit_total_fixation_residual_dfm_surprisal_slope,0.587483727200099,positive
D3_dfm_residual_gaze_only,55,P57,crossfit_total_fixation_residual_dfm_entropy_slope,1.084280800839765,positive
D3_dfm_residual_gaze_only,55,P57,crossfit_skipping_residual_dfm_surprisal_slope,0.14193387926312703,positive
D3_dfm_residual_gaze_only,55,P57,crossfit_skipping_residual_dfm_entropy_slope,0.151025830147035,positive
D3_dfm_residual_gaze_only,55,P57,crossfit_fixation_count_residual_dfm_surprisal_slope,0.6299420743995395,positive
D3_dfm_residual_gaze_only,55,P57,crossfit_fixation_count_residual_dfm_entropy_slope,-0.23314040873811784,negative
D3_dfm_residual_gaze_only,56,P58,crossfit_ffd_residual_dfm_surprisal_slope,-0.130309655873204,negative
D3_dfm_residual_gaze_only,56,P58,crossfit_ffd_residual_dfm_entropy_slope,-0.6134522481010714,negative
D3_dfm_residual_gaze_only,56,P58,crossfit_first_pass_residual_dfm_surprisal_slope,0.12388323024978927,positive
D3_dfm_residual_gaze_only,56,P58,crossfit_first_pass_residual_dfm_entropy_slope,0.9634294355043488,positive
D3_dfm_residual_gaze_only,56,P58,crossfit_go_past_residual_dfm_surprisal_slope,0.9362277350446888,positive
D3_dfm_residual_gaze_only,56,P58,crossfit_go_past_residual_dfm_entropy_slope,0.17662389773825105,positive
D3_dfm_residual_gaze_only,56,P58,crossfit_total_fixation_residual_dfm_surprisal_slope,0.5636363111721693,positive
D3_dfm_residual_gaze_only,56,P58,crossfit_total_fixation_residual_dfm_entropy_slope,1.084044931732937,positive
D3_dfm_residual_gaze_only,56,P58,crossfit_skipping_residual_dfm_surprisal_slope,0.1591173807540306,positive
D3_dfm_residual_gaze_only,56,P58,crossfit_skipping_residual_dfm_entropy_slope,0.16098133464004732,positive
D3_dfm_residual_gaze_only,56,P58,crossfit_fixation_count_residual_dfm_surprisal_slope,0.6291936460587506,positive
D3_dfm_residual_gaze_only,56,P58,crossfit_fixation_count_residual_dfm_entropy_slope,-0.1806710858555501,negative
